blockNumber,blockHash,timeStamp,hash,nonce,transactionIndex,from,to,value,gas,gasPrice,input,methodId,functionName,contractAddress,cumulativeGasUsed,txreceipt_status,gasUsed,confirmations,isError,dfpi_scam_address
18917404,0xc2c4c9d2e57acef48a094353124d27f934fd2d9c8139a1d2dc44337ed811d66c,1704170603,0xb4d734494347915c2e43bc26061282f23db22e7ff69cf832b8058acbccd6fae8,2,139,0x6994ea9be87f41b286d0cc5374b2cabf6b9fd94b,0x243bde8dd82635ea121bf56368de399546f6dafd,10000000000000000,21000,12573469491,0x,0x,,,19583786,1,21000,4944035,0,0x243bde8dd82635ea121bf56368de399546f6dafd
18917421,0xfb2af5779d8b99ba623604b683f4925651b708bd728481b3eeb8071478e58c12,1704170807,0x5fedeecb43019ebf566bf48c40649b27a5763044df40990416e16364bc04922a,0,108,0x243bde8dd82635ea121bf56368de399546f6dafd,0xdac17f958d2ee523a2206206994597c13d831ec7,0,50706,12127330376,0xa9059cbb000000000000000000000000573c643b1b5167b973017ce8a2385c59f0df37ca0000000000000000000000000000000000000000000000000000000017d78400,0xa9059cbb,"transfer(address _to, uint256 _value)",,7825982,1,41297,4944018,0,0x243bde8dd82635ea121bf56368de399546f6dafd
19034856,0x406ddf88bd4a7dd6ec93efa4e6d301b09197d4f2b787c8ccfdb690d99dfbb7d5,1705594319,0xa5d9fbaa558f302d8e58cc5e5f476ace955262521ca5aee2b27f5c2097da94b7,1,168,0x243bde8dd82635ea121bf56368de399546f6dafd,0xdac17f958d2ee523a2206206994597c13d831ec7,0,69503,38881725016,0xa9059cbb000000000000000000000000418547899f9d4fac1a7852c48dc3ff00e903ef980000000000000000000000000000000000000000000000000000000017d78400,0xa9059cbb,"transfer(address _to, uint256 _value)",,14896883,1,63185,4826583,0,0x243bde8dd82635ea121bf56368de399546f6dafd
19101202,0x8ef620c52b590aed6c3999be74ddd49d6a0a78c212b0c23f900e1795c4e4c9d8,1706398427,0x0fefe055bc7bc7bb1013bf1111001e5099a17bb8297df0e00abbf6b651a68593,2,176,0x243bde8dd82635ea121bf56368de399546f6dafd,0xdac17f958d2ee523a2206206994597c13d831ec7,0,69503,10909999085,0xa9059cbb000000000000000000000000418547899f9d4fac1a7852c48dc3ff00e903ef98000000000000000000000000000000000000000000000000000000001dcd6500,0xa9059cbb,"transfer(address _to, uint256 _value)",,12205980,1,63185,4760237,0,0x243bde8dd82635ea121bf56368de399546f6dafd
19113114,0x5ea41ed0327a62cc4e8e87b767f73804ac88a78e54b714df5361e70e6d147e48,1706542571,0x79239bccb6687c07a61b1d82554b73ef1d0117a9023cc3b734be703c96736757,3,172,0x243bde8dd82635ea121bf56368de399546f6dafd,0xdac17f958d2ee523a2206206994597c13d831ec7,0,69503,21509316033,0xa9059cbb000000000000000000000000418547899f9d4fac1a7852c48dc3ff00e903ef980000000000000000000000000000000000000000000000000000000011e1a300,0xa9059cbb,"transfer(address _to, uint256 _value)",,13835680,1,63185,4748325,0,0x243bde8dd82635ea121bf56368de399546f6dafd
19121192,0xca525e04e54470a1eb96e8278f069e02f6e012742f8b9ff86fc13465a3e66ec0,1706640287,0xd69e6470f97db88da882022f3859b1ad6037227af7263394eb5a1ede613a0237,4,116,0x243bde8dd82635ea121bf56368de399546f6dafd,0xdac17f958d2ee523a2206206994597c13d831ec7,0,50706,28162844009,0xa9059cbb000000000000000000000000573c643b1b5167b973017ce8a2385c59f0df37ca0000000000000000000000000000000000000000000000000000000011e1a300,0xa9059cbb,"transfer(address _to, uint256 _value)",,11555870,1,46097,4740247,0,0x243bde8dd82635ea121bf56368de399546f6dafd
19121383,0x851b6f80abb1f1862547f95d5930bff6150e8fe8d5fc14681e17e5257b03da2d,1706642591,0xa697f450ebe159560e5b07842c23cfbcb9e2eba9bbea1a77b6aeae069950c51f,5,222,0x243bde8dd82635ea121bf56368de399546f6dafd,0xdac17f958d2ee523a2206206994597c13d831ec7,0,50706,20696621028,0xa9059cbb000000000000000000000000573c643b1b5167b973017ce8a2385c59f0df37ca000000000000000000000000000000000000000000000000000000000bebc200,0xa9059cbb,"transfer(address _to, uint256 _value)",,18331818,1,46097,4740056,0,0x243bde8dd82635ea121bf56368de399546f6dafd
19127907,0xf9c4c87c112a1fa23e6c914a3cfe3a57db010fd5fdbc9968adb641ba0b68f98d,1706721635,0xd3318088dbdc762b21f868a183438177466fab8045c04e9e453028b2a233f76c,6,332,0x243bde8dd82635ea121bf56368de399546f6dafd,0xdac17f958d2ee523a2206206994597c13d831ec7,0,69503,27212849942,0xa9059cbb000000000000000000000000418547899f9d4fac1a7852c48dc3ff00e903ef98000000000000000000000000000000000000000000000000000000001dcd6500,0xa9059cbb,"transfer(address _to, uint256 _value)",,25832041,1,63185,4733532,0,0x243bde8dd82635ea121bf56368de399546f6dafd
19145136,0x49b2fdf5d45d64d6240bb7af96cc445a1ccce0888e20d1ab0d71fa60380d4d7a,1706930519,0x7cfdaa736bc7cf075e39c19554d44b3c4a5090e68a74a48e5c1f2265015c71db,29,115,0xf2d70fd08d2c65474cec7a177214ce5c0abad9c3,0x243bde8dd82635ea121bf56368de399546f6dafd,3000000000000000,21000,16034000446,0x,0x,,,22118948,1,21000,4716303,0,0x243bde8dd82635ea121bf56368de399546f6dafd
19145154,0x6da12d68a8fe0d60ecfbd95af3b51b24d15a9db0a36c5a22d3052e82ea4a2e05,1706930735,0xa4877e11ee5a3672366e29acd51e7d2569c74738516b9da6af057ddf67cd0a5b,7,96,0x243bde8dd82635ea121bf56368de399546f6dafd,0xdac17f958d2ee523a2206206994597c13d831ec7,0,45766,15630552381,0xa9059cbb000000000000000000000000243bde8dd82635ea121bf56368de399546f6dafd000000000000000000000000000000000000000000000000000000003b9aca00,0xa9059cbb,"transfer(address _to, uint256 _value)",,8641767,1,38497,4716285,0,0x243bde8dd82635ea121bf56368de399546f6dafd
19145188,0x2da5aba17f3ca077c1a6a9dfc94f7a2e15a016a2d2171d545179a86d0e1a702a,1706931143,0xc6d699cee694870d010eaeb62361884d325b99fb346117ce3ce8c7c73a90d3ac,8,44,0x243bde8dd82635ea121bf56368de399546f6dafd,0xdac17f958d2ee523a2206206994597c13d831ec7,0,69503,17666584369,0xa9059cbb000000000000000000000000418547899f9d4fac1a7852c48dc3ff00e903ef98000000000000000000000000000000000000000000000000000000003b9aca00,0xa9059cbb,"transfer(address _to, uint256 _value)",,6306957,1,63185,4716251,0,0x243bde8dd82635ea121bf56368de399546f6dafd
19163733,0xc9c13d7eacc4711be78c4e813480f9f4beaf596a353f64c40506cdebb3f1b958,1707156359,0xf06d318818ade18f4ecd71bdaa96ae6271e4cca586ff339f14f44742d606aa59,9,79,0x243bde8dd82635ea121bf56368de399546f6dafd,0xdac17f958d2ee523a2206206994597c13d831ec7,0,50706,27082298110,0xa9059cbb000000000000000000000000573c643b1b5167b973017ce8a2385c59f0df37ca0000000000000000000000000000000000000000000000000000000011e1a300,0xa9059cbb,"transfer(address _to, uint256 _value)",,7339793,1,46097,4697706,0,0x243bde8dd82635ea121bf56368de399546f6dafd
19216890,0x84303edeaf5672f0c0e01095c4126155b270fd9dbc06efbf3b8d16ab597c2956,1707800687,0xa52a1ce18bec4ef40b58e02bd371943f4cc5673ff41e2f6578ae64f017af6ba3,52,50,0xf2d70fd08d2c65474cec7a177214ce5c0abad9c3,0x243bde8dd82635ea121bf56368de399546f6dafd,4000000000000000,21000,23834060724,0x,0x,,,2980377,1,21000,4644549,0,0x243bde8dd82635ea121bf56368de399546f6dafd
19216905,0x54c725a93ca0671b2ea0775398c5f441de08cfdd4a9cf6140cf6960e46ea7a89,1707800867,0x46654781d23410d2c5c6c63aa3806b6c60a064987260ca93301563233268045a,10,273,0x243bde8dd82635ea121bf56368de399546f6dafd,0xdac17f958d2ee523a2206206994597c13d831ec7,0,69516,18729316552,0xa9059cbb000000000000000000000000418547899f9d4fac1a7852c48dc3ff00e903ef98000000000000000000000000000000000000000000000000000000001ad27480,0xa9059cbb,"transfer(address _to, uint256 _value)",,21818374,1,63197,4644534,0,0x243bde8dd82635ea121bf56368de399546f6dafd
19279691,0x767903cbf5e0955dd168a234269c0beda8395bb918140c4f0fc3235f3e5df334,1708562843,0x457d53434b112c843024b485c79c81dea001d64a5d9fed89391e2dbe2969383f,11,76,0x243bde8dd82635ea121bf56368de399546f6dafd,0x0d5467bd6672c3240cfc330bbc700b7430d638a5,3127349809603643,21000,35471957196,0x,0x,,,7154559,1,21000,4581748,0,0x243bde8dd82635ea121bf56368de399546f6dafd
19540954,0xc4f473df16a1e684d75e9d65ac4152561b37f20115b115985a28f0198678008e,1711731059,0x31b5cc5eefe3dcc2d6112d56d9f647c1ec1ce3366d8902ee90eb9f9933e9e0e1,147,84,0xf2d70fd08d2c65474cec7a177214ce5c0abad9c3,0x243bde8dd82635ea121bf56368de399546f6dafd,5000000000000000,21000,31260732828,0x,0x,,,6048091,1,21000,4320485,0,0x243bde8dd82635ea121bf56368de399546f6dafd
19540987,0xe445de146481e1f00fa36f1a1fe6172e02594dc2e5941376b12f1cbc228a05a4,1711731455,0xbc1071952c7c85fc8f2abe3dd632a8ece4418376efa0e6dd7ff7c7532a425c2e,12,73,0x243bde8dd82635ea121bf56368de399546f6dafd,0xdac17f958d2ee523a2206206994597c13d831ec7,0,70420,33661930359,0xa9059cbb000000000000000000000000418547899f9d4fac1a7852c48dc3ff00e903ef980000000000000000000000000000000000000000000000000000000077359400,0xa9059cbb,"transfer(address _to, uint256 _value)",,6782714,1,63185,4320452,0,0x243bde8dd82635ea121bf56368de399546f6dafd
19543427,0x482f34c59f8119c48d33d75fb0553877d6e5a82539a72f41a452d8e5d2a516ff,1711761095,0xfe93c663cfc71ab4f2272383c912d2758eeec431a5bf74d6339d106e24acfe09,9,39,0x6994ea9be87f41b286d0cc5374b2cabf6b9fd94b,0x243bde8dd82635ea121bf56368de399546f6dafd,42782680225487101,21000,21273283365,0x,0x,,,5134019,1,21000,4318012,0,0x243bde8dd82635ea121bf56368de399546f6dafd
19564702,0x500a727ab0a7c03130489831009484f7eb0dde5426b41577061f73adad53333d,1712019575,0x8852ee8d6dedd6e6ee3c4b5cc81fccde261a7fda2e4046326c94227dca26891f,13,64,0x243bde8dd82635ea121bf56368de399546f6dafd,0xa6a43e9623dd95a0790c990b24b2260449dd2c32,45184758530797686,21000,22428220236,0x,0x,,,6739928,1,21000,4296737,0,0x243bde8dd82635ea121bf56368de399546f6dafd
19720434,0xf3792233fe3490f0b83d740bc13708deeb15252ed7d7095bc0b5595471a043ef,1713903575,0xf907410a699e5b8e30280ab96073f6c80ceec76a4ad063ec9eedcff6d6839c57,166348,219,0x14c4017f81675f7ac1321218d4a385a2d3117328,0x243bde8dd82635ea121bf56368de399546f6dafd,1550000000000000000,21000,14127378749,0x,0x,,,20705387,1,21000,4141005,0,0x243bde8dd82635ea121bf56368de399546f6dafd
19720607,0x7e946e3a89e47110664b0535ce430012792106ca71a143ad8bd0d84724f80600,1713905675,0xbb3dca2f8716131ce51d2c02dc057969f13f9d7503d3f8e5ca6be27299ed6181,14,88,0x243bde8dd82635ea121bf56368de399546f6dafd,0x418547899f9d4fac1a7852c48dc3ff00e903ef98,1000000000000000000,21000,16467144042,0x,0x,,,7429007,1,21000,4140832,0,0x243bde8dd82635ea121bf56368de399546f6dafd
19721217,0x07de40a9b5768a99141b8015191b8fc4f61fef53244585d7756f30da42ee0c05,1713913019,0xa827e78f8e8fdcb84ea2d3da570e899665a1f787a5c23ea54fd99b194f834986,15,223,0x243bde8dd82635ea121bf56368de399546f6dafd,0x418547899f9d4fac1a7852c48dc3ff00e903ef98,500000000000000000,21000,7497543990,0x,0x,,,21509786,1,21000,4140222,0,0x243bde8dd82635ea121bf56368de399546f6dafd
19725312,0xb54c5b79189315a03e2be7d19e7709013eb3d3b8e4bcf08feaa6935f30506c61,1713962627,0x86dbdea6822352afafbf4768b9829189e93ef5852acd12672c0cb31be8932251,16,13,0x243bde8dd82635ea121bf56368de399546f6dafd,0x3c7631e833608339c7ad8556429338f8303052e5,48781039486040000,21000,34081050728,0x,0x,,,1506361,1,21000,4136127,0,0x243bde8dd82635ea121bf56368de399546f6dafd
20026278,0x1edb8a5dcd14b5037f2977286df695043d5a630324a1cf30024cf94c52195956,1717598339,0xd8388f34f383b3374ec625be738c8856265c9a16f4958b8349be5c05f23ead8c,0,136,0x97e8cf459e4fe0004e9911854aac9099a38d3230,0x243bde8dd82635ea121bf56368de399546f6dafd,264100000000000000,25200,21950352030,0x,0x,,,10391851,1,21000,3835161,0,0x243bde8dd82635ea121bf56368de399546f6dafd
20026317,0x87bb75a01c9c8c3f8fa3c2c7382ee5657ce4f1680d6806eb2fd12db43257f982,1717598819,0xc6db9935f5dc70805e279ee484fed733a1f0841ec28262bbb00a989b12bd9eaa,215,138,0xf2d70fd08d2c65474cec7a177214ce5c0abad9c3,0x243bde8dd82635ea121bf56368de399546f6dafd,5000000000000000,21000,23526210368,0x,0x,,,10313812,1,21000,3835122,0,0x243bde8dd82635ea121bf56368de399546f6dafd
20026343,0x52198d5f9b0c151c3d5f07cddeb2d9415e1a142a8b72ae58be664302a9530cfe,1717599131,0x77e5627b3b15e252798e1d0c4a7c6fd5ba7d3da8ded9f08994b005641f908b25,17,78,0x243bde8dd82635ea121bf56368de399546f6dafd,0x4d1ffa56d81553c2133e1a8ca30a19b7aed3e48f,264100000000000000,21000,24619816173,0x,0x,,,5483100,1,21000,3835096,0,0x243bde8dd82635ea121bf56368de399546f6dafd
20063691,0x7159c5525d714452785c396f83f1b670f0f61be26a4b545cad4ebc0791e060d8,1718049779,0xc416bba7d3613fe0c1ed3a3d715f2b1871f3203c14cbc31c29dc1d9fae24a4b8,1,90,0x97e8cf459e4fe0004e9911854aac9099a38d3230,0x243bde8dd82635ea121bf56368de399546f6dafd,535143019633335120,25200,29207260874,0x,0x,,,8380063,1,21000,3797748,0,0x243bde8dd82635ea121bf56368de399546f6dafd
20063966,0x5a561382fbe227b009107d0ef2977deb4a5d8f7f552d77aab7a3d610788d02bf,1718053091,0x3851a88bbe4f9c0caddb7e6d6e5c1c19d2bbdf455f5784e3403c553c9ed53896,18,67,0x243bde8dd82635ea121bf56368de399546f6dafd,0x418547899f9d4fac1a7852c48dc3ff00e903ef98,539187113505746120,21000,20899523236,0x,0x,,,5838765,1,21000,3797473,0,0x243bde8dd82635ea121bf56368de399546f6dafd
20505922,0x1f64f8fcd237eb166bffd3c9ac518134f35b23aa1b09c230601cc99d9d6c50dc,1723385975,0x7739cbe5c201bb469466b7cca07be66a01d1c950c7ddb8debc10d7228ad65f92,0,105,0xe2e8bab6e36d94eec4560eb1012b8c6f580c8322,0x243bde8dd82635ea121bf56368de399546f6dafd,5393766409099759,25200,1532220000,0x,0x,,,12938915,1,21000,3355517,0,0x243bde8dd82635ea121bf56368de399546f6dafd
20543021,0x3140334da80a57b8fb2e1052f951e6a7fb2dd0affadc93939ff40b00bc1ce7f0,1723833359,0x495f453365445ecf2969a02c1e814d2e2a84470673b2326501c30755e83c9b16,19,47,0x243bde8dd82635ea121bf56368de399546f6dafd,0xa0b86991c6218b36c1d19d4a2e9eb0ce3606eb48,0,61815,2891319034,0x095ea7b30000000000000000000000008a42d311d282bfcaa5133b2de0a8bcdbecea3073ffffffffffffffffffffffffffffffffffffffffffffffffffffffffffffffff,0x095ea7b3,"approve(address _spender, uint256 _value)",,12011205,1,55906,3318418,0,0x243bde8dd82635ea121bf56368de399546f6dafd
20543068,0x271617d57a8f11f97ac41ed1ffa7679fc2520447b2870eeabe8b5f93d3536eb0,1723833923,0x3f1fb6c7ccd57e291220140877e0a33a3c96000d227d0f01ca7a856b69997bba,20,106,0x243bde8dd82635ea121bf56368de399546f6dafd,0xdac17f958d2ee523a2206206994597c13d831ec7,0,70434,1501725091,0xa9059cbb0000000000000000000000004dcbeaa02279a534c0725f593d85a1b80efba24e000000000000000000000000000000000000000000000000000000003b9aca00,0xa9059cbb,"transfer(address _to, uint256 _value)",,10745807,1,63197,3318371,0,0x243bde8dd82635ea121bf56368de399546f6dafd
20543108,0x8ef43f9758e653026ff950103fd2dccd5dd5bf114d2482fa11603cb7965dc81a,1723834403,0x08f71fc02fb02303d5fa0fc65a8556e46a1572dc1ca665672a25aa2ad1d53767,21,181,0x243bde8dd82635ea121bf56368de399546f6dafd,0xdac17f958d2ee523a2206206994597c13d831ec7,0,70434,1301120009,0xa9059cbb0000000000000000000000004dcbeaa02279a534c0725f593d85a1b80efba24e0000000000000000000000000000000000000000000000000000000005f5e100,0xa9059cbb,"transfer(address _to, uint256 _value)",,18748274,1,63197,3318331,0,0x243bde8dd82635ea121bf56368de399546f6dafd
20671187,0x7bc886c1d2bd7c4d0666f0514e82e7cc1ab76bd5087b29ecacb2a09b7242db6f,1725380207,0x5c94d549e9a5c58cbe4f8494e57d0af80d48c38b58297b5ea35987709f34aa03,0,189,0x52b30d4cb44901f91716c779518a1c7c8ae3c9f6,0x243bde8dd82635ea121bf56368de399546f6dafd,902989521496403740,25200,3193591412,0x,0x,,,20641039,1,21000,3190252,0,0x243bde8dd82635ea121bf56368de399546f6dafd
20671203,0x5ddb1f78179d995bd1fc10bba68a163a5dd7b297dc89a990dd9b72f9fe542f46,1725380399,0x7204e2ad709762656d8e38c70413a23b3692bb8f5a27ae5bec7c135bcdfcb293,22,78,0x243bde8dd82635ea121bf56368de399546f6dafd,0x959bd020b18ad2e3424516ba8c42125e31df2afc,907967728298123995,21000,3656482080,0x,0x,,,5805486,1,21000,3190236,0,0x243bde8dd82635ea121bf56368de399546f6dafd
20679005,0xd590af4d83994d19cd6c22cc5af6806026e431c95116aad664d625ec1d255ac9,1725474455,0x1efcc95bfd8510929726ec38a35f8d5ad5c9bbd309c67ec8d1548364f37d9014,6,108,0xac529ae2edfbf2de1247ff8dc61c9cd41531e4b0,0x243bde8dd82635ea121bf56368de399546f6dafd,4000000000000000,21000,7498744096,0x,0x,,,7795106,1,21000,3182434,0,0x243bde8dd82635ea121bf56368de399546f6dafd
20679019,0xc835c54641595a0624bf542f895b480c3a4f7494d3e4c34d1cd95dd93f9d1967,1725474623,0xcc6f0947b2f794a544d727d5e48d399d02d1650599476c3fb9f197234d2921dc,23,141,0x243bde8dd82635ea121bf56368de399546f6dafd,0xdac17f958d2ee523a2206206994597c13d831ec7,0,70434,7681096156,0xa9059cbb000000000000000000000000959bd020b18ad2e3424516ba8c42125e31df2afc000000000000000000000000000000000000000000000000000000001b003b40,0xa9059cbb,"transfer(address _to, uint256 _value)",,13690926,1,63197,3182420,0,0x243bde8dd82635ea121bf56368de399546f6dafd
20688930,0x79e881ed365b6484e04318916ed7a0bdf734e5d23bb8a07e0c8d19d5d292fc1d,1725594071,0xba0e53dbf2ef03bbabfafd109af8ddd7f61c0dea66ba73c632fafee898cabced,24,83,0x243bde8dd82635ea121bf56368de399546f6dafd,0xdac17f958d2ee523a2206206994597c13d831ec7,0,70434,1026380424,0xa9059cbb000000000000000000000000959bd020b18ad2e3424516ba8c42125e31df2afc000000000000000000000000000000000000000000000000000000000bebc200,0xa9059cbb,"transfer(address _to, uint256 _value)",,9276273,1,63197,3172509,0,0x243bde8dd82635ea121bf56368de399546f6dafd
20691482,0x92415fe12cc96f907ec989d4d6dcc2b85cd6a3eab7750d9c6e9692756302d9e8,1725624851,0xaab1a3d3eb301bb0bd758836daf115d02006fb278f1c7299f9f4e9e5eea60465,1,164,0x52b30d4cb44901f91716c779518a1c7c8ae3c9f6,0x243bde8dd82635ea121bf56368de399546f6dafd,450174102607955240,25200,2750415713,0x,0x,,,16009336,1,21000,3169957,0,0x243bde8dd82635ea121bf56368de399546f6dafd
20691490,0x4e414bf6d8e9606c7a1d91cacb636c828d9823c933fd068eaad2a7d943408470,1725624947,0x7f384e4a5d20a42840a0cbb491c3360e465653a9d272aa23baee1605a66fe196,25,176,0x243bde8dd82635ea121bf56368de399546f6dafd,0x959bd020b18ad2e3424516ba8c42125e31df2afc,450000000000000000,21000,2504719899,0x,0x,,,18788301,1,21000,3169949,0,0x243bde8dd82635ea121bf56368de399546f6dafd
20727448,0x1575ccd356533a630f0f93e1171b3e0b1b4cf7da1dc89cad496e2b66abac675a,1726058675,0x533c4efb67b64d88ae8a03a6da16e54c6026755c08eba525364b8c8ed2a479b5,2,201,0x52b30d4cb44901f91716c779518a1c7c8ae3c9f6,0x243bde8dd82635ea121bf56368de399546f6dafd,200908516470062500,25200,2104574442,0x,0x,,,23263371,1,21000,3133991,0,0x243bde8dd82635ea121bf56368de399546f6dafd
20727479,0xfd2ecb30f17fc9c0f3340cff04aa68f7c0f73cd6745cf0625246dd44cd12690c,1726059047,0x99d4b7fb7fc76ed608b6091c271dd11a67ac606fb3644ec6481a2ba3f7833af8,26,90,0x243bde8dd82635ea121bf56368de399546f6dafd,0x959bd020b18ad2e3424516ba8c42125e31df2afc,204414621744752480,21000,3100562760,0x,0x,,,13773544,1,21000,3133960,0,0x243bde8dd82635ea121bf56368de399546f6dafd
20866062,0x3e77a95f4d6877b902843cc0fea7876a7479b7251ea955be6a5e428cc3bf3c56,1727730515,0xa21c06557df48c4fd422b1f52d235bf6b445b492e49f513be6ab3ff86c91a344,10,114,0x53eb528bdd4ac90a2cbdc04d210c056203507ac0,0x243bde8dd82635ea121bf56368de399546f6dafd,751374128686240321,25200,15332008290,0x,0x,,,9608229,1,21000,2995377,0,0x243bde8dd82635ea121bf56368de399546f6dafd
20866636,0x20fb52296e3630a614b5210eb6b86307fd5a1de304b61f21d5c5d48dcd39d9ad,1727737403,0xce2c3c1c3b566b215e88168a7a44f61cc8452d54d19e42aba7fcca21e0538e83,27,52,0x243bde8dd82635ea121bf56368de399546f6dafd,0x68192201b876a576c25367161498fb44a634a385,751155681601552321,21000,10402242128,0x,0x,,,3115594,1,21000,2994803,0,0x243bde8dd82635ea121bf56368de399546f6dafd
21086301,0xe3f41330a32a5166844bdf914be42594da84bf397a46060e7cf2e28b96af0589,1730385911,0x52747c91909209a407433aa7be3533a2f1bc4ceec1fb5247958f6ae0f8bf27ac,20,157,0x18dc04bcd42c5489f5400c456390629f2b8cfc44,0x243bde8dd82635ea121bf56368de399546f6dafd,3000000000000000,21000,18675079302,0x,0x,,,10954415,1,21000,2775138,0,0x243bde8dd82635ea121bf56368de399546f6dafd
21086336,0x18b1026b492e9f2595420f56f9a2d4af1fb9a0aa99ac8733113369a7e380d9d3,1730386331,0xdbadc16f21718a13e235bc26836d2020ec27a50a3afde73c8281ad1fd449d87c,28,102,0x243bde8dd82635ea121bf56368de399546f6dafd,0xdac17f958d2ee523a2206206994597c13d831ec7,0,70447,21489329929,0xa9059cbb0000000000000000000000002d8141cb8095885a9d6cbbacdca8a273084d06d3000000000000000000000000000000000000000000000000000000001e3834c0,0xa9059cbb,"transfer(address _to, uint256 _value)",,12364541,1,63209,2775103,0,0x243bde8dd82635ea121bf56368de399546f6dafd
21239090,0x757ad7b0f08e7e7a346599e1af42577b7451cc6167ae8459a5cdbbff3d61f927,1732228055,0x0739022110a3a6594e36260bffac5bc97ef624a550f3fe08bfb347e3027832ce,5,309,0x9c9da153d31a8d9a1a350a32d14934df4fa2867e,0x243bde8dd82635ea121bf56368de399546f6dafd,676840483762009200,21000,12013955021,0x,0x,,,26672555,1,21000,2622349,0,0x243bde8dd82635ea121bf56368de399546f6dafd
21239108,0xf9dd1c4e29f451be00b147574e18468a8605011796ec3c77defb585a5c7ae4c4,1732228283,0xaee3c3060272e1cea5ad83b0dfb663b7bb55c05ed0c0514462cea60e6ade3ad1,29,18,0x243bde8dd82635ea121bf56368de399546f6dafd,0x03f34be1bf910116595db1b11e9d1b2ca5d59659,670000000000000000,408586,15018281555,0xa32fe0a100000000000000000000000000000000000000000000000000000000000000200000000000000000000000000000000000000000000000000000000000000444645a55b65ef2c53231eefe3f41c6a1655d5910606ad06ef68fe2b5b46c06f3eaabbfd238000000000000000000000000000000000000000000000000000000000000006000000000000000000000000000000000000000000000000000000000000003c0000000000000000000000000000000000000000000000000000000000000032464a3bc150000000000000000000000000000000000000000000000000000000000000060000000000000000000000000000000000000000000000000094c51733f83000000000000000000000000000000000000000000000000000000000000000002a000000000000000000000000056178a0d5f301baf6cf3e1cd53d9863437345bf90000000000000000000000008d90113a1e286a5ab3e496fbd1853f265e5913c6000000000000000000000000243bde8dd82635ea121bf56368de399546f6dafd0000000000000000000000008d90113a1e286a5ab3e496fbd1853f265e5913c600000000000000000000000000000000000000000000000000000000866c5186000000000000000000000000000000000000000000000000094c51733f8300000000000000000000000000000000000000000000000000000000000000000000000000000000000000000000000000000000000000000000000000000000000000000000000000000000000000000000000000000000000000000000673fb5cab54651abcc008faff4684c7ae9e302344ee24d4f17f2e5b35e432503293d001e000000000000000000000000000000000000000000000000000000000000018000000000000000000000000000000000000000000000000000000000000001e00000000000000000000000000000000000000000000000000000000000000024f47261b0000000000000000000000000dac17f958d2ee523a2206206994597c13d831ec7000000000000000000000000000000000000000000000000000000000000000000000000000000000000000000000000000000000000000000000024f47261b0000000000000000000000000c02aaa39b223fe8d0a0e5c4f27ead9083c756cc20000000000000000000000000000000000000000000000000000000000000000000000000000000000000000000000000000000000000000000000421c5ee9646d651f14d242acc43e661ab6ddd600cd20ba0196b51200b39760b5f3cd5bf0a05e8210c86b0e714c55cc6984b9d03cf45653117cc2aeed0ba1ad3ef09a030000000000000000000000000000000000000000000000000000000000000000000000000000000000000000000000000000000000000000000000000000000000000000000000000000000000000000000000000000000000561bb38d6ca13e3ec8e8508d255fd484939356c5a3bf40d54564c4c091a6384bc4a37b4d6c80efc04c91e1166816e6f843bdd907105e71cc2539a253f8abd9a5d03a243bde8dd82635ea121bf56368de399546f6dafd040000000000000000000000000000000000000000000000000000000000000000000000000000,0xa32fe0a1,toPMM(bytes _payload),,3605244,1,269113,2622331,0,0x243bde8dd82635ea121bf56368de399546f6dafd
21239130,0x3811cd2d3cc5073ef93216127dabbc51dbddf44d11d6acc217eb655432813a99,1732228547,0x0295ac56b1aa0d11b21f8fad04cce8a2f126cbea7bdb183567e9719b07dcbd33,30,74,0x243bde8dd82635ea121bf56368de399546f6dafd,0xdac17f958d2ee523a2206206994597c13d831ec7,0,70434,14577342782,0xa9059cbb000000000000000000000000ddb97ed84e70a9b293ae5f7a2823720ed3c0da3a000000000000000000000000000000000000000000000000000000003b9aca00,0xa9059cbb,"transfer(address _to, uint256 _value)",,7719758,1,63197,2622309,0,0x243bde8dd82635ea121bf56368de399546f6dafd
21239162,0x79001d2f22a9846a2bd284ec5908031491f63f64f06155b1352098d9ecd4f9dd,1732228931,0x930c7a516a1933e625c53fd85994202b5be91e86da99ac393ae845fd6ae48319,31,217,0x243bde8dd82635ea121bf56368de399546f6dafd,0xdac17f958d2ee523a2206206994597c13d831ec7,0,70434,11723465733,0xa9059cbb000000000000000000000000cab48f367e65ee123d69a644d8c5deea4ab9b1a70000000000000000000000000000000000000000000000000000000047868c00,0xa9059cbb,"transfer(address _to, uint256 _value)",,16081904,1,63197,2622277,0,0x243bde8dd82635ea121bf56368de399546f6dafd
21244481,0x7b6692879607f3cfee7051fe7b2765194d8a245436a8d6c7916b1255dc8dec78,1732293095,0x1e701c1393d745601957c1d75deb9dfa5951f9b05f537cc720bbe7fda5136ab5,6,150,0x9c9da153d31a8d9a1a350a32d14934df4fa2867e,0x243bde8dd82635ea121bf56368de399546f6dafd,345862935575854240,21000,14103347649,0x,0x,,,9704548,1,21000,2616958,0,0x243bde8dd82635ea121bf56368de399546f6dafd
21244571,0x610fce85a8a687db10a82c6fe635d5f982049377fcd824b95a7b17bced3890ae,1732294199,0xb4e80c37db3c2d2bfc32ac2cc707b55aa3a778e0b4a3da9767ac3573f1bf2858,32,149,0x243bde8dd82635ea121bf56368de399546f6dafd,0xcab48f367e65ee123d69a644d8c5deea4ab9b1a7,300000000000000000,21000,14723270183,0x,0x,,,8922897,1,21000,2616868,0,0x243bde8dd82635ea121bf56368de399546f6dafd
21245557,0x5fdae70b53192795d9336feca55f46b3d97bcb23ab5110fdb4fc3324fe78d883,1732306115,0x46444ef3f89642ad5f467b37c6df5f1fa18d10549cfe1c725ecf68da37d9524d,33,45,0x243bde8dd82635ea121bf56368de399546f6dafd,0x03f34be1bf910116595db1b11e9d1b2ca5d59659,42600000000000000,334143,12111351458,0xe47d166c0000000000000000000000000000000000000000000000000000000000000020000000000000000000000000000000000000000000000000000000000000030448093018000000000000000000000000e592427a0aece92de3edee1f18e0157c058615640000000000000000000000000000000000000000000000000000000000000000000000000000000000000000dac17f958d2ee523a2206206994597c13d831ec7000000000000000000000000000000000000000000000000009758796b6e80000000000000000000000000000000000000000000000000000000000008443727000000000000000000000000243bde8dd82635ea121bf56368de399546f6dafd000000000000000000000000243bde8dd82635ea121bf56368de399546f6dafd1c24c83cc06276207eb48d8260cfad209ef2c9a139477561dc4ee617d73cef54000000000000000000000000000000000000000000000000000000006740ebb3000000000000000000000000000000000000000000000000000000000000001e00000000000000000000000000000000000000000000000000000000000001a0000000000000000000000000000000000000000000000000000000000000024000000000000000000000000000000000000000000000000000000000000002a00000000000000000000000000000000000000000000000000000000000000062b290c952f645e83d69925154a97e4af753357fb71e04a1363a65e93d21449dee282569f3508858df1c6ae373ee6cf5531070f745a4e35e8bbf18a29ca9f6becf1c0000000000000000000000000000000000000000000000000000000000000000020000000000000000000000000000000000000000000000000000000000000000000000000000000000000000000000000000000000000000000000000040000000000000000000000000000000000000000000000000000000000000000100000000000000000000000000000000000000000000000000000000000001f40000000000000000000000000000000000000000000000000000000000000002000000000000000000000000c02aaa39b223fe8d0a0e5c4f27ead9083c756cc2000000000000000000000000dac17f958d2ee523a2206206994597c13d831ec700000000000000000000000000000000000000000000000000000000,0xe47d166c,toAMM(bytes _payload),,3275876,1,231306,2615882,0,0x243bde8dd82635ea121bf56368de399546f6dafd
21245583,0xd72c9ec1451f840d0f6821d1681eb3ab63c84372e51299aeb7fd040983dc4c17,1732306427,0x3939644ea3198feb02cd984c186bf3147e518f692aa8cc9625f249dfc50f4653,34,88,0x243bde8dd82635ea121bf56368de399546f6dafd,0xdac17f958d2ee523a2206206994597c13d831ec7,0,70434,10883733508,0xa9059cbb000000000000000000000000cab48f367e65ee123d69a644d8c5deea4ab9b1a7000000000000000000000000000000000000000000000000000000000b34a700,0xa9059cbb,"transfer(address _to, uint256 _value)",,6804642,1,63197,2615856,0,0x243bde8dd82635ea121bf56368de399546f6dafd
21260675,0x5762adb06d54208c5e046e6b6928188024ccbdeef56a32fa8b1f675b3a6f9d9c,1732488347,0x54ea1bb462c7838fa577f084467d155ffbab3719dec6772feb5d3b5386ae7583,10,163,0x08ad5f0c60feb2e6693810f2b0952079b0054aac,0x243bde8dd82635ea121bf56368de399546f6dafd,2000000000000000,21000,7804053356,0x,0x,,,13885787,1,21000,2600764,0,0x243bde8dd82635ea121bf56368de399546f6dafd
21260680,0x55cfd8c1e81a47c2db2d78aa75bd272169dfdadc9187d7d3a30a3e8c566bcd7d,1732488407,0x95a9ab9b38ea72294dc936b41855997d3bb9e6ba45e4bd8d3f54838d4cee78d3,440,141,0x808abf236ae084a18fbfc17dfa3df7b3a1939fa6,0x243bde8dd82635ea121bf56368de399546f6dafd,3000000000000000,21000,8014777236,0x,0x,,,12030296,1,21000,2600759,0,0x243bde8dd82635ea121bf56368de399546f6dafd
21332931,0xb2044dfd2eb6e03a59050ebc5305605761559e67915cdb367567815bb86bf5be,1733361095,0x24f4e8d2fe8c051e3a16a91e54f845fc0cb13e999fa6c9c25dad39d930a1e72d,35,61,0x243bde8dd82635ea121bf56368de399546f6dafd,0xa6a43e9623dd95a0790c990b24b2260449dd2c32,6746941526050885,21000,23617881705,0x,0x,,,7850531,1,21000,2528508,0,0x243bde8dd82635ea121bf56368de399546f6dafd
21396543,0x78e74f9c18414c033104fb75e1e45d0bba9a8387057b930288da701bc418e55f,1734128531,0x3f9afecbec2d132b766181ea28c49b1e39b65bb79dd9d3fabed3f968fac93154,490,122,0x808abf236ae084a18fbfc17dfa3df7b3a1939fa6,0x243bde8dd82635ea121bf56368de399546f6dafd,2000000000000000,21000,12664237941,0x,0x,,,11770232,1,21000,2464896,0,0x243bde8dd82635ea121bf56368de399546f6dafd
21396626,0x04ca2897725b1f8a84634bd9708c61f99e57d829c0400e781b0b5369653c5a31,1734129527,0x8d569917ca647f80fe7894279ecfc3a2e4cd4951a151bddfecfe305651a0e9e3,36,22,0x243bde8dd82635ea121bf56368de399546f6dafd,0xdac17f958d2ee523a2206206994597c13d831ec7,0,51140,11697926352,0xa9059cbb000000000000000000000000171dd048d1e9fa8ed2e005b7c46ff8ac76e96047000000000000000000000000000000000000000000000000000000000eb8ebc0,0xa9059cbb,"transfer(address _to, uint256 _value)",,3548696,1,46109,2464813,0,0x243bde8dd82635ea121bf56368de399546f6dafd
21497362,0xf98f898142f27faa93b76e9c6a3caa69aff3941623a8a63a738e12b0b603f597,1735345523,0xd92feaf737608526089ef636ab8552f7c3106175bac4fb2384938d6eaf2226fc,9,146,0x3e5c24518c733d02f8a2f4bf81be77aef6c12dad,0x243bde8dd82635ea121bf56368de399546f6dafd,600000000000000000,21000,3794491162,0x,0x,,,10179309,1,21000,2364077,0,0x243bde8dd82635ea121bf56368de399546f6dafd
21497416,0x476b9942e9276c97cbbfb0beb66aa13cf665e0ba7ed311447be8b3e8441efd32,1735346171,0x69d18cd11ae02c3a6427ef5401b5ac99d9a5eb9d30ffc58598269b2ea9c24d7d,37,175,0x243bde8dd82635ea121bf56368de399546f6dafd,0x68192201b876a576c25367161498fb44a634a385,100000000000000000,21000,3941827222,0x,0x,,,16494536,1,21000,2364023,0,0x243bde8dd82635ea121bf56368de399546f6dafd
21497449,0x7ecc2b59cff5995daf1adac5a58e8aa658430a9317d584c5dd9055f22b7848f6,1735346567,0xc6b094124d0bd1cb38c71926d0ba15bd7833f441bf82f0eeb47aa260ce41f0f7,38,67,0x243bde8dd82635ea121bf56368de399546f6dafd,0x68192201b876a576c25367161498fb44a634a385,100000000000000000,21000,4247327228,0x,0x,,,5878450,1,21000,2363990,0,0x243bde8dd82635ea121bf56368de399546f6dafd
21497665,0x244a1787bac6b85b58e9f6467b876b5cdfc13ab731634abb92d47d1895f83b3c,1735349171,0xaa561b70f67ef21bd25cf7482e3003b9fe184022343dd9ce4e799e3a6cdf4654,39,81,0x243bde8dd82635ea121bf56368de399546f6dafd,0xac6634e11d2b1075f35761048ed06c103124aa74,401185283588437632,21000,4922118188,0x,0x,,,8063594,1,21000,2363774,0,0x243bde8dd82635ea121bf56368de399546f6dafd
21545003,0x0e2491044af8d1388101a8747324eb41867d2c319347ced93a77f76e6f82b197,1735919939,0x7d61e9592e8caa15b2064cc65898866d27a71d6649f618383c1badd167d6d035,40,253,0x243bde8dd82635ea121bf56368de399546f6dafd,0xac6634e11d2b1075f35761048ed06c103124aa74,70000000000000000,21000,17264602742,0x,0x,,,21196023,1,21000,2316436,0,0x243bde8dd82635ea121bf56368de399546f6dafd
21545301,0x27f51e27c965be783f188a1641f0cb945394b6fcbd355f88cdfacd1e9ef43480,1735923515,0xc730ba4bee7a735ded70411d54fa25d1cdf7050b472a2662adc9e3772778231f,41,108,0x243bde8dd82635ea121bf56368de399546f6dafd,0x6dbbac34125ec961ea619871a35f14af86d6e405,10000000000000000,21000,27574888461,0x,0x,,,7278960,1,21000,2316138,0,0x243bde8dd82635ea121bf56368de399546f6dafd
21545305,0xf5ae2b805ffb0ae7f67f4ceba977a323adfa0a08b175467b96a3d131986733d8,1735923563,0x02e50a3b8a6c7fb9363b81b6427d8e71f4d6d3e2fdc19108c228e9e2f6ee2ea1,42,139,0x243bde8dd82635ea121bf56368de399546f6dafd,0x14afb943694858ad8aa7d421903f1e9807cefbcc,10000000000000000,21000,27686356728,0x,0x,,,10801188,1,21000,2316134,0,0x243bde8dd82635ea121bf56368de399546f6dafd
21545917,0x8cdbaa2cdfc8eb9bd0303a6fe4e8b24de293cd45ee5673cc29fb564810a52d78,1735930967,0x3e480c6052fa93c9cd43c4582a59db62e10a49e31572ba7b7534fe6630b7f06e,43,179,0x243bde8dd82635ea121bf56368de399546f6dafd,0xac6634e11d2b1075f35761048ed06c103124aa74,449827863897204000,21000,23071109345,0x,0x,,,18958869,1,21000,2315522,0,0x243bde8dd82635ea121bf56368de399546f6dafd
21585079,0xe39f45b7a60b6cb7622133001c399807b04e3b7860329d6c7469137cc1d01b43,1736403407,0x3ce94e503d135b793973b6708c8df44c46ac599425b2985ee93b01f3ffc4b351,564,108,0x808abf236ae084a18fbfc17dfa3df7b3a1939fa6,0x243bde8dd82635ea121bf56368de399546f6dafd,5000000000000000,21000,3357126303,0x,0x,,,9881255,1,21000,2276360,0,0x243bde8dd82635ea121bf56368de399546f6dafd
21587290,0x7743025fd56bad72602d332c2f0ff2aeea9d1032be1c47fc86bc18e991edd89e,1736430167,0x077db4861f5a57e9ca096beb776ad2550861ce8c627011bea0a62ba2e0ecf478,44,198,0x243bde8dd82635ea121bf56368de399546f6dafd,0xdac17f958d2ee523a2206206994597c13d831ec7,0,51126,11214671744,0xa9059cbb00000000000000000000000068192201b876a576c25367161498fb44a634a38500000000000000000000000000000000000000000000000000000000b8c63f00,0xa9059cbb,"transfer(address _to, uint256 _value)",,12575277,1,46097,2274149,0,0x243bde8dd82635ea121bf56368de399546f6dafd
21589260,0xa704ebe784f73369ef731acc7e9b4ce9868e43daec49fd387152a56e2d830d9b,1736453927,0x351a79df9de45c1228c45d5e4844d20a17912f19bc1906ff9517ae7d58ceeb9c,45,139,0x243bde8dd82635ea121bf56368de399546f6dafd,0xad33638322e12612f3cd790fc0246053e358f0f7,4158871120000000,21000,15436483311,0x,0x,,,18149125,1,21000,2272179,0,0x243bde8dd82635ea121bf56368de399546f6dafd
21590684,0x2d7bd7deb60b7946279ae56063141c0d2c936c1d055248630ea7b6f58e1de597,1736471099,0xdc5d182df8c9f5c259179f21ff5edf6a575f36a66e622804bbf71eda90276dd9,565,210,0x808abf236ae084a18fbfc17dfa3df7b3a1939fa6,0x243bde8dd82635ea121bf56368de399546f6dafd,3000000000000000,21000,3673139650,0x,0x,,,19137390,1,21000,2270755,0,0x243bde8dd82635ea121bf56368de399546f6dafd
21590688,0x2265e248af52ba73bde544c2b3821f325403bd21e922902924f943140efe0b06,1736471147,0xc1ae586276523189bd568238dd81c19a0451d0f9f519dda757379a255259b148,46,256,0x243bde8dd82635ea121bf56368de399546f6dafd,0xdac17f958d2ee523a2206206994597c13d831ec7,0,51126,3558074731,0xa9059cbb00000000000000000000000068192201b876a576c25367161498fb44a634a385000000000000000000000000000000000000000000000000000000004d7c6d00,0xa9059cbb,"transfer(address _to, uint256 _value)",,16967353,1,46097,2270751,0,0x243bde8dd82635ea121bf56368de399546f6dafd
21626362,0x02b365de1c0ea53e3443daeb06ab931dc390fa56096fe39b63d50d77bf267327,1736901623,0x6ee5b64083cb381b7127712c51d2b00a80dd4ae9c5185e7f8985c055a796d782,47,114,0x243bde8dd82635ea121bf56368de399546f6dafd,0xa6a7aa823606a2bd57abea42f472e7ec7b347e36,2725401162576925,21000,5265822554,0x,0x,,,11912761,1,21000,2235077,0,0x243bde8dd82635ea121bf56368de399546f6dafd
21627565,0x3604cedb6af514d6335500440f62b7e2ac85fb3752071372fb7b3fd69b59f12c,1736916071,0xa9844caaeeb8409490f61ed7fb42a0bed5143cc7c5560be538210449ae4b6d5a,571,130,0x808abf236ae084a18fbfc17dfa3df7b3a1939fa6,0x243bde8dd82635ea121bf56368de399546f6dafd,5000000000000000,21000,2268951345,0x,0x,,,13181619,1,21000,2233874,0,0x243bde8dd82635ea121bf56368de399546f6dafd
21627578,0x459d246f2332da40fd7e0e4cd3e45ba37899216537fc09110af2e93432fd2ac2,1736916227,0x219c3ef2d68e97ec6735291eda26ffb71a4f52252665619497c241cae0edb9ca,48,143,0x243bde8dd82635ea121bf56368de399546f6dafd,0xdac17f958d2ee523a2206206994597c13d831ec7,0,51140,2465046653,0xa9059cbb00000000000000000000000068192201b876a576c25367161498fb44a634a38500000000000000000000000000000000000000000000000000000000055d4a80,0xa9059cbb,"transfer(address _to, uint256 _value)",,15879327,1,46109,2233861,0,0x243bde8dd82635ea121bf56368de399546f6dafd
21630778,0x2010c6db1b5d4bdf0830f91f37e596e684a6c2b43877101bb3d2926e654fe030,1736954915,0x9f607dd34d8657b1ed062cf79b7796a4dd9ca432a24786dc27baee7177e595ab,49,142,0x243bde8dd82635ea121bf56368de399546f6dafd,0xdac17f958d2ee523a2206206994597c13d831ec7,0,51126,14132806262,0xa9059cbb000000000000000000000000171dd048d1e9fa8ed2e005b7c46ff8ac76e9604700000000000000000000000000000000000000000000000000000000a6e49c00,0xa9059cbb,"transfer(address _to, uint256 _value)",,10377717,1,46097,2230661,0,0x243bde8dd82635ea121bf56368de399546f6dafd
21633656,0xbf39082b37cb5e9a9e14cd75535524c78a73f8981e4d8b450f3a3f8be5da1d6a,1736989619,0x0b00afbfae2d70931b682573498bf2758b0cab96ba31dff324aabf702cd32aab,50,124,0x243bde8dd82635ea121bf56368de399546f6dafd,0xdac17f958d2ee523a2206206994597c13d831ec7,0,70434,3669632271,0xa9059cbb000000000000000000000000cab48f367e65ee123d69a644d8c5deea4ab9b1a70000000000000000000000000000000000000000000000000000000004c4b400,0xa9059cbb,"transfer(address _to, uint256 _value)",,12570312,1,63197,2227783,0,0x243bde8dd82635ea121bf56368de399546f6dafd
21640554,0xde69dc1fd6ceef55711c8739b9bdcd3a8592292885fb79afa67aeeb036852de3,1737072755,0xd9fe19703219908065b5864af6c9fa297a11a382d554a35348c44dbd1d629665,51,177,0x243bde8dd82635ea121bf56368de399546f6dafd,0xdac17f958d2ee523a2206206994597c13d831ec7,0,51126,3283389083,0xa9059cbb00000000000000000000000068192201b876a576c25367161498fb44a634a38500000000000000000000000000000000000000000000000000000000e7be2c00,0xa9059cbb,"transfer(address _to, uint256 _value)",,18882467,1,46097,2220885,0,0x243bde8dd82635ea121bf56368de399546f6dafd
21641263,0x416018b6becfa55572e594f3329d286581cdd524a92baea4d91bc6bd2c13aebc,1737081323,0x0c3d9609172ab5e420fc574c90e68bce66d6921a58a139c2053486c0e840503f,52,127,0x243bde8dd82635ea121bf56368de399546f6dafd,0xdac17f958d2ee523a2206206994597c13d831ec7,0,70434,3723613473,0xa9059cbb000000000000000000000000041aee0d397e1d300e2c395bde3070b9e3280b3e0000000000000000000000000000000000000000000000000000000077359400,0xa9059cbb,"transfer(address _to, uint256 _value)",,11845753,1,63197,2220176,0,0x243bde8dd82635ea121bf56368de399546f6dafd
21641381,0xf90cf22844a4721e595a0848ad22f3593f63a98695a3db0f640bc60f6c5135c2,1737082739,0xc7b338d7f278b9c85c586749857f4d143539fefcced720de471f6fae228cadec,53,166,0x243bde8dd82635ea121bf56368de399546f6dafd,0xdac17f958d2ee523a2206206994597c13d831ec7,0,70434,3951590075,0xa9059cbb000000000000000000000000ddb97ed84e70a9b293ae5f7a2823720ed3c0da3a00000000000000000000000000000000000000000000000000000000d09dc300,0xa9059cbb,"transfer(address _to, uint256 _value)",,15819217,1,63197,2220058,0,0x243bde8dd82635ea121bf56368de399546f6dafd
21641480,0x806c78882c826e0a347193849dc5a048ae11334b628b4e399dc07b787d903315,1737083939,0x985c747e6da7dc72956ab54dde64930c319583f30f4e350c17135de4ed1cde1d,54,192,0x243bde8dd82635ea121bf56368de399546f6dafd,0xdac17f958d2ee523a2206206994597c13d831ec7,0,70434,3785071001,0xa9059cbb0000000000000000000000003c7631e833608339c7ad8556429338f8303052e50000000000000000000000000000000000000000000000000000000053724e00,0xa9059cbb,"transfer(address _to, uint256 _value)",,14314233,1,63197,2219959,0,0x243bde8dd82635ea121bf56368de399546f6dafd
21646557,0x1023b29aa1b7f4bbe2daf3bb437fca9e013a050189647539f554d7d06b3ebad2,1737145163,0x0826724a9cd6d3b2bca874b4060c310bdaf261e7f7de5a3b1b36aac5c15a3711,55,215,0x243bde8dd82635ea121bf56368de399546f6dafd,0xdac17f958d2ee523a2206206994597c13d831ec7,0,51140,8849552950,0xa9059cbb00000000000000000000000068192201b876a576c25367161498fb44a634a385000000000000000000000000000000000000000000000000000000012a05f200,0xa9059cbb,"transfer(address _to, uint256 _value)",,18681071,1,46109,2214882,0,0x243bde8dd82635ea121bf56368de399546f6dafd
21646629,0xd4dda59c94aeaeebaeb4a56bf3b25583b1a3bbe602218831f18c3d47189eced5,1737146027,0xe560a87bebb359b7f1822d75f4a440fa5e26a792933c5d04bcc34cefc974311e,56,112,0x243bde8dd82635ea121bf56368de399546f6dafd,0xdac17f958d2ee523a2206206994597c13d831ec7,0,51126,13212898594,0xa9059cbb00000000000000000000000068192201b876a576c25367161498fb44a634a38500000000000000000000000000000000000000000000000000000000ee6b2800,0xa9059cbb,"transfer(address _to, uint256 _value)",,11569277,1,46097,2214810,0,0x243bde8dd82635ea121bf56368de399546f6dafd
21646664,0x18d90d2de7696f70844ec5343163d95bc5069791d6a4204693ac97f521dd97f9,1737146447,0xfa372530ccb1fc50b6133cd10dba9ea8dbb27dd931393d5d152dfef0b478db1a,57,139,0x243bde8dd82635ea121bf56368de399546f6dafd,0xdac17f958d2ee523a2206206994597c13d831ec7,0,51140,13126911970,0xa9059cbb00000000000000000000000068192201b876a576c25367161498fb44a634a38500000000000000000000000000000000000000000000000000000002540be400,0xa9059cbb,"transfer(address _to, uint256 _value)",,13808317,1,46109,2214775,0,0x243bde8dd82635ea121bf56368de399546f6dafd
21646853,0x2853887e1871b8ea2a369bd162f1bc275988ede502fb72610d589c27ed4b49a2,1737148727,0xc193944e374fab6e7e1cec0cf33a116a020ecf1766c5dc984ccbb1197996a550,58,131,0x243bde8dd82635ea121bf56368de399546f6dafd,0xdac17f958d2ee523a2206206994597c13d831ec7,0,51126,12504750342,0xa9059cbb000000000000000000000000171dd048d1e9fa8ed2e005b7c46ff8ac76e96047000000000000000000000000000000000000000000000000000000006553f100,0xa9059cbb,"transfer(address _to, uint256 _value)",,9177322,1,46097,2214586,0,0x243bde8dd82635ea121bf56368de399546f6dafd
21661739,0xb87b4540f6cbb76fee6952067913b82c1d6182a25fa6b58b62d15e8220c4dc1b,1737328355,0xdab92f33756d010c2d4498df0666ce61bf4565e6e5d9d9d611fded9cac1f48df,59,30,0x243bde8dd82635ea121bf56368de399546f6dafd,0x68192201b876a576c25367161498fb44a634a385,440925194171097842,21000,139083575862,0x,0x,,,2413666,1,21000,2199700,0,0x243bde8dd82635ea121bf56368de399546f6dafd
21675847,0xdae5009f4275b4a5a70fb84cbf6e0ce83d44ac5efea9c0046a7b9d45eaa5d935,1737498479,0x1f88b301377a3fc6fc823bcd4039a738249b0f65f8f68d603b038c7314e4839e,11,387,0x14afb943694858ad8aa7d421903f1e9807cefbcc,0x243bde8dd82635ea121bf56368de399546f6dafd,2995927037192936,21000,16648728668,0x,0x,,,29357382,1,21000,2185592,0,0x243bde8dd82635ea121bf56368de399546f6dafd
21675884,0x7b9c99078491a8523a8b77deacd861616a3f46ff35b70f10f0001c3f8e0a080e,1737498923,0xa153c6e0af3bc5e9ff9523921038a5ec85f50160b94a2eb57c4fe57c9e33df2b,60,100,0x243bde8dd82635ea121bf56368de399546f6dafd,0xdac17f958d2ee523a2206206994597c13d831ec7,0,51140,22551430913,0xa9059cbb000000000000000000000000171dd048d1e9fa8ed2e005b7c46ff8ac76e96047000000000000000000000000000000000000000000000000000000012a05f200,0xa9059cbb,"transfer(address _to, uint256 _value)",,8953108,1,46109,2185555,0,0x243bde8dd82635ea121bf56368de399546f6dafd
21676517,0xb9185ed937dcacb3e7281048542094bb0b331e440c9b0df63832a31999387229,1737506567,0xc49934a4a9da900485201872c72235637d89f060538e759ecef245a9d772e3b4,61,62,0x243bde8dd82635ea121bf56368de399546f6dafd,0xdac17f958d2ee523a2206206994597c13d831ec7,0,51140,7166822614,0xa9059cbb000000000000000000000000171dd048d1e9fa8ed2e005b7c46ff8ac76e96047000000000000000000000000000000000000000000000000000000012a05f200,0xa9059cbb,"transfer(address _to, uint256 _value)",,4705839,1,46109,2184922,0,0x243bde8dd82635ea121bf56368de399546f6dafd
21676532,0xf83a76ee6ee2b2400b6be00e58e4c800419af00bfaeaf7073995146fa95f274d,1737506747,0xec8dedf305bc88ff4631725a3d0fe5f3da5f3dd4c76fab06d996e127d6f8931e,62,148,0x243bde8dd82635ea121bf56368de399546f6dafd,0xdac17f958d2ee523a2206206994597c13d831ec7,0,51126,7418614774,0xa9059cbb000000000000000000000000171dd048d1e9fa8ed2e005b7c46ff8ac76e96047000000000000000000000000000000000000000000000000000000009af8da00,0xa9059cbb,"transfer(address _to, uint256 _value)",,16826855,1,46097,2184907,0,0x243bde8dd82635ea121bf56368de399546f6dafd
21683412,0x1aee0723ec4a82e65fb440275fddcb54949501128e2b9669943970f5f4fef11a,1737589691,0x91487bfd462ebe6f84ac4214e61fce8aaf640d7e1407481c0a876072cf0a4430,63,40,0x243bde8dd82635ea121bf56368de399546f6dafd,0xfd131eb0f68b74a4c692a47129316d26bf54877f,1144592184200415,21000,6622857899,0x,0x,,,3953526,1,21000,2178027,0,0x243bde8dd82635ea121bf56368de399546f6dafd
21688419,0x6b77fa2314f3bcfdf9a4090dcebd703bb7b810031e0a13c38cca2db863da620c,1737650087,0x761c800cbd85d134f8e81b57377446aca3a41d63b5f8c1885d3a16d06c732fd9,607,415,0x808abf236ae084a18fbfc17dfa3df7b3a1939fa6,0x243bde8dd82635ea121bf56368de399546f6dafd,3000000000000000,21000,14296676379,0x,0x,,,26975999,1,21000,2173020,0,0x243bde8dd82635ea121bf56368de399546f6dafd
21688433,0x989efda1f14787d619fee4de9e2dfaa75524a33f4d881b15068f08f39b95b1c5,1737650255,0x2e0fd679e9460e0a33a182a20ce9b4ffd729e1776d03040e1f056ac0004b9fa1,64,109,0x243bde8dd82635ea121bf56368de399546f6dafd,0xdac17f958d2ee523a2206206994597c13d831ec7,0,70434,14938381454,0xa9059cbb000000000000000000000000ddb97ed84e70a9b293ae5f7a2823720ed3c0da3a00000000000000000000000000000000000000000000000000000000b2d05e00,0xa9059cbb,"transfer(address _to, uint256 _value)",,5542695,1,63197,2173006,0,0x243bde8dd82635ea121bf56368de399546f6dafd
21688614,0xf8a6c39dfcf8b41652eec4473151d17144c158566d5b81e2875a5a90eaf53d03,1737652451,0x00deca742568b1f1a940aac5a9ee7192359f0d0ec00a33d922fad542a6d0bed3,65,218,0x243bde8dd82635ea121bf56368de399546f6dafd,0xdac17f958d2ee523a2206206994597c13d831ec7,0,51126,11219000159,0xa9059cbb000000000000000000000000171dd048d1e9fa8ed2e005b7c46ff8ac76e9604700000000000000000000000000000000000000000000000000000000b2d05e00,0xa9059cbb,"transfer(address _to, uint256 _value)",,19546829,1,46097,2172825,0,0x243bde8dd82635ea121bf56368de399546f6dafd
21689258,0x23e47ed861bade1efa4d2ff640992d90546efe1d1e483be126425ed542f70fe5,1737660179,0x23f8462b06616a70b98e6443f82d5585c7acae482186af6cdff68fa782fa2cde,66,258,0x243bde8dd82635ea121bf56368de399546f6dafd,0xdac17f958d2ee523a2206206994597c13d831ec7,0,51140,9366422072,0xa9059cbb000000000000000000000000171dd048d1e9fa8ed2e005b7c46ff8ac76e96047000000000000000000000000000000000000000000000000000000012a05f200,0xa9059cbb,"transfer(address _to, uint256 _value)",,16471017,1,46109,2172181,0,0x243bde8dd82635ea121bf56368de399546f6dafd
21689606,0x9ad9f570dbb52c1f4f8d10f3a0c250a9651f10bff7e66337424b209dd413d011,1737664367,0x4dc451a87f15db1a76e39aac31c27e5e2b7920cd863f3b482343847a064b5be8,611,126,0x808abf236ae084a18fbfc17dfa3df7b3a1939fa6,0x243bde8dd82635ea121bf56368de399546f6dafd,2000000000000000,21000,45425686295,0x,0x,,,8642769,1,21000,2171833,0,0x243bde8dd82635ea121bf56368de399546f6dafd
21689614,0x17a92fca0db6a81fe24a5a157d7560424df3576995b7cea15d0ba01fb2848a03,1737664463,0xb1f49b40e54041a71c7b2923676a56839bb9d67b6663c83463d2a03fd19b4c03,67,151,0x243bde8dd82635ea121bf56368de399546f6dafd,0xdac17f958d2ee523a2206206994597c13d831ec7,0,51140,43178108675,0xa9059cbb000000000000000000000000171dd048d1e9fa8ed2e005b7c46ff8ac76e96047000000000000000000000000000000000000000000000000000000012a05f200,0xa9059cbb,"transfer(address _to, uint256 _value)",,13865178,1,46109,2171825,0,0x243bde8dd82635ea121bf56368de399546f6dafd
21695236,0x86a96f41c67717d000083f3529a182d8de5f52fe1d056eccfeb14d257dea3223,1737732239,0xfb4914d28b017001af89a6058324266267ad9b65cb5fab0c5748c26dc6ada59b,68,150,0x243bde8dd82635ea121bf56368de399546f6dafd,0xdac17f958d2ee523a2206206994597c13d831ec7,0,51126,18392609937,0xa9059cbb00000000000000000000000068192201b876a576c25367161498fb44a634a38500000000000000000000000000000000000000000000000000000000b2d05e00,0xa9059cbb,"transfer(address _to, uint256 _value)",,10086235,1,46097,2166203,0,0x243bde8dd82635ea121bf56368de399546f6dafd
21695316,0x2665fded90157051a2684a13891a25cf9058dc7f45d7aee0d27df771bb721d6b,1737733211,0x6da7874fccdfe94fc7a70c72b154af9b6a6f7e295c0e280d7417f9f9032c9da9,613,208,0x808abf236ae084a18fbfc17dfa3df7b3a1939fa6,0x243bde8dd82635ea121bf56368de399546f6dafd,2000000000000000,21000,19626787996,0x,0x,,,13247353,1,21000,2166123,0,0x243bde8dd82635ea121bf56368de399546f6dafd
21695331,0xeacec68123de6c85f4fbee9b1754e1a2e7b08e49f79153161bed9931bfc91fb2,1737733391,0xfdfdac69b98366b97b5e9db77393469bdac450ec83ff79472255b80390f748fc,69,108,0x243bde8dd82635ea121bf56368de399546f6dafd,0xdac17f958d2ee523a2206206994597c13d831ec7,0,51126,20146840261,0xa9059cbb00000000000000000000000068192201b876a576c25367161498fb44a634a38500000000000000000000000000000000000000000000000000000000713fb300,0xa9059cbb,"transfer(address _to, uint256 _value)",,11863976,1,46097,2166108,0,0x243bde8dd82635ea121bf56368de399546f6dafd
21697874,0x7929880b0bbbc6c33acdfa3b8a14ee4fbb0317693b2640b600d13c50784728ac,1737764039,0x4b49dc73f801ba229ebcae9a0a688df4af44fc160132fa0928c90afd464f8e0d,19,53,0xac6634e11d2b1075f35761048ed06c103124aa74,0x243bde8dd82635ea121bf56368de399546f6dafd,43280133143817643,21000,6970838799,0x,0x,,,4861273,1,21000,2163565,0,0x243bde8dd82635ea121bf56368de399546f6dafd
21697924,0x4e8a4b6fefe191bbf177382efb3a003ee67c7731a4ae4e47f5a2de3013e63f63,1737764651,0x6637cc44f0688a08370c2d97408c9f10cb9c0bc55093fa6a68b5a558289cd6ec,70,107,0x243bde8dd82635ea121bf56368de399546f6dafd,0x03f34be1bf910116595db1b11e9d1b2ca5d59659,33400000000000000,392274,5490799827,0xa32fe0a100000000000000000000000000000000000000000000000000000000000000200000000000000000000000000000000000000000000000000000000000000444645a55b6bdbbdc0ffb3ec80b483aec3311b5ec1da5eae7b3615c802c11411bee38122621000000000000000000000000000000000000000000000000000000000000006000000000000000000000000000000000000000000000000000000000000003c0000000000000000000000000000000000000000000000000000000000000032464a3bc1500000000000000000000000000000000000000000000000000000000000000600000000000000000000000000000000000000000000000000076a91f7f7f800000000000000000000000000000000000000000000000000000000000000002a000000000000000000000000056178a0d5f301baf6cf3e1cd53d9863437345bf90000000000000000000000008d90113a1e286a5ab3e496fbd1853f265e5913c6000000000000000000000000243bde8dd82635ea121bf56368de399546f6dafd0000000000000000000000008d90113a1e286a5ab3e496fbd1853f265e5913c60000000000000000000000000000000000000000000000000000000006942a500000000000000000000000000000000000000000000000000076a91f7f7f80000000000000000000000000000000000000000000000000000000000000000000000000000000000000000000000000000000000000000000000000000000000000000000000000000000000000000000000000000000000000000000679430482a279ec8e4faf1ce776cafc6afeb32374eebd44bd9cdbc3a6254cdbd94a9001c000000000000000000000000000000000000000000000000000000000000018000000000000000000000000000000000000000000000000000000000000001e00000000000000000000000000000000000000000000000000000000000000024f47261b0000000000000000000000000dac17f958d2ee523a2206206994597c13d831ec7000000000000000000000000000000000000000000000000000000000000000000000000000000000000000000000000000000000000000000000024f47261b0000000000000000000000000c02aaa39b223fe8d0a0e5c4f27ead9083c756cc20000000000000000000000000000000000000000000000000000000000000000000000000000000000000000000000000000000000000000000000421bea5b1460dfb303b422e7b2802542900ab35a979996a894b4545dad194504fa1d7c7a88978143e5e9a649b759179eaa638fcb99ade9e42d15aa312d761ef380bd030000000000000000000000000000000000000000000000000000000000000000000000000000000000000000000000000000000000000000000000000000000000000000000000000000000000000000000000000000000000561bc9b32c4ab0042196ba8d3db4ab029a8ef684999131da4b8700a892351d781c415aa8c597fce360235c5b250585dcf3d7bad0b3c9b2d686981070846e5a10469b243bde8dd82635ea121bf56368de399546f6dafd040000000000000000000000000000000000000000000000000000000000000000000000000000,0xa32fe0a1,toPMM(bytes _payload),,18275370,1,269137,2163515,0,0x243bde8dd82635ea121bf56368de399546f6dafd
21697936,0xe503682d9a305fce8a565802ed571301a932c1a538c90e9d26728ad02d98a023,1737764795,0x0ceaecbee42a75a7971cfda77443ec765d732a2c06211294ce11a765b0e38e1e,71,188,0x243bde8dd82635ea121bf56368de399546f6dafd,0xdac17f958d2ee523a2206206994597c13d831ec7,0,51140,5844618758,0xa9059cbb000000000000000000000000ac498d5aea7f9fbd0bae23173a1670064de7f055000000000000000000000000000000000000000000000000000000001017df80,0xa9059cbb,"transfer(address _to, uint256 _value)",,21039411,1,46109,2163503,0,0x243bde8dd82635ea121bf56368de399546f6dafd
21718557,0x2daf47db72d902c42059d0155896a12d6813ea85fe2570bac245443426030b22,1738013423,0x31396df09321ca50bb1a23688a9393c22c217fb01520dfc8d769cd8700a24993,72,115,0x243bde8dd82635ea121bf56368de399546f6dafd,0x983b378e6c61858d9b392ff735f7e5aeee6a2e0f,8000000000000000,21000,14175113957,0x,0x,,,10249384,1,21000,2142882,0,0x243bde8dd82635ea121bf56368de399546f6dafd
21718591,0x86782ec06b3b402eee46e0fdf5c7eba90c4baab5be01d0f3502fa5b682070d73,1738013831,0x06be8311932f427d05b86f37b48f9eca2ec4d7e8e3258bffead515fce886ad2f,73,149,0x243bde8dd82635ea121bf56368de399546f6dafd,0xdac17f958d2ee523a2206206994597c13d831ec7,0,51140,10366480702,0xa9059cbb00000000000000000000000068192201b876a576c25367161498fb44a634a385000000000000000000000000000000000000000000000000000000012a05f200,0xa9059cbb,"transfer(address _to, uint256 _value)",,12407762,1,46109,2142848,0,0x243bde8dd82635ea121bf56368de399546f6dafd
21718663,0x64d1773db30b10e20ffdb43a8695927785bbf1f9a5f1017d0a0d81f5e5aa6d82,1738014695,0x6e651e17b82b6a9539890f61ed34b902bdc42e93c48f7bfc0ee4a6e090109a91,74,97,0x243bde8dd82635ea121bf56368de399546f6dafd,0xdac17f958d2ee523a2206206994597c13d831ec7,0,51140,8678909487,0xa9059cbb00000000000000000000000068192201b876a576c25367161498fb44a634a38500000000000000000000000000000000000000000000000000000001122e6e00,0xa9059cbb,"transfer(address _to, uint256 _value)",,5060853,1,46109,2142776,0,0x243bde8dd82635ea121bf56368de399546f6dafd
21718879,0x546120300cc0882a71584fdabdad4589be5cffac6a9ee9823408a10031c5ce10,1738017287,0x304284a9600be03f5351a1675a14249875717df85ef12f2037f021e5f500ae56,619,117,0x808abf236ae084a18fbfc17dfa3df7b3a1939fa6,0x243bde8dd82635ea121bf56368de399546f6dafd,3000000000000000,21000,5916952606,0x,0x,,,9757190,1,21000,2142560,0,0x243bde8dd82635ea121bf56368de399546f6dafd
21718968,0x632b0d0e582dce5a6e2080d870bfd8fbb6c3b683ac1e7630a6f3975e89d922fc,1738018355,0xf20a9ee4da0506809716b193a6d2facedbe91f3275b1e19a5c2ccd0cae75394e,75,85,0x243bde8dd82635ea121bf56368de399546f6dafd,0xdac17f958d2ee523a2206206994597c13d831ec7,0,51126,4891950580,0xa9059cbb00000000000000000000000068192201b876a576c25367161498fb44a634a3850000000000000000000000000000000000000000000000000000000077359400,0xa9059cbb,"transfer(address _to, uint256 _value)",,5159071,1,46097,2142471,0,0x243bde8dd82635ea121bf56368de399546f6dafd
21719058,0xb15a4649217c8d3ec10a026e02ef85f4d861606665252181c1da0a5871a00691,1738019447,0xe7d998fe98d0d425656079826f4d709d3111b2cdaaee54ddeef544d59bbfe4b8,76,141,0x243bde8dd82635ea121bf56368de399546f6dafd,0xdac17f958d2ee523a2206206994597c13d831ec7,0,51126,4471351061,0xa9059cbb00000000000000000000000068192201b876a576c25367161498fb44a634a3850000000000000000000000000000000000000000000000000000000010b07600,0xa9059cbb,"transfer(address _to, uint256 _value)",,12111760,1,46097,2142381,0,0x243bde8dd82635ea121bf56368de399546f6dafd
21775526,0x40b2bafe59368521b665d598ba22a5d25943d6be020c8490e3246ebec6534a8e,1738700963,0xf996af5b567d8fbd8d04d1276d667977bbb775dd58bedc6b4d36339845427b50,4,249,0x1b4318899b2557daa0236d7c7bffb33e7fab7c23,0x243bde8dd82635ea121bf56368de399546f6dafd,1810000000000000000,25200,7557743364,0x,0x,,,23952139,1,21000,2085913,0,0x243bde8dd82635ea121bf56368de399546f6dafd
21776905,0x214c1960f3f685215a74cf1f7cbe14e196335e9c2b88632e4bde303a29e8ed57,1738717595,0xab543f1217a534a1f6323be28568910223184c853fa9e1fd89a8d074a2a7df83,77,119,0x243bde8dd82635ea121bf56368de399546f6dafd,0x68192201b876a576c25367161498fb44a634a385,1800000000000000000,21000,1537036387,0x,0x,,,14351145,1,21000,2084534,0,0x243bde8dd82635ea121bf56368de399546f6dafd
21782805,0xdeed8af2c1987cd5a750c77faefda351d2167c16b2a19f346b3961f98073e380,1738788755,0x3f86432cd7f2a166c7a0e3b470d82d4a4ced764b54ae78d2c6e0ee419d92c196,7,212,0x1b4318899b2557daa0236d7c7bffb33e7fab7c23,0x243bde8dd82635ea121bf56368de399546f6dafd,1501740000000000000,25200,1205362387,0x,0x,,,21463325,1,21000,2078634,0,0x243bde8dd82635ea121bf56368de399546f6dafd
21797046,0x927d7599cd0b085ea6d14a923bcf735e4cec1476f44cc82d7f77ad3284a53048,1738960451,0x9b8de6ad5ce9b80dfd018ca6045d04b832653eee7350496ad3f6fb37e65c7eae,78,167,0x243bde8dd82635ea121bf56368de399546f6dafd,0x171dd048d1e9fa8ed2e005b7c46ff8ac76e96047,1500000000000000000,21000,2664080000,0x,0x,,,15580171,1,21000,2064393,0,0x243bde8dd82635ea121bf56368de399546f6dafd
21868296,0x3e4773b806f9fb40b230848216cef19c4e8ea51cce4d0979d25ad1eb9027b6e3,1739821847,0x6cf9a97aa00274e79107a166b07d0d6e3d2c8454bbdd52dd36583b3c86860371,10,107,0xad33638322e12612f3cd790fc0246053e358f0f7,0x243bde8dd82635ea121bf56368de399546f6dafd,3763437731786981000,21000,2719389586,0x,0x,,,4775212,1,21000,1993143,0,0x243bde8dd82635ea121bf56368de399546f6dafd
21868339,0x19e2f5573648bbc87d731b743f0e8d8bbcfb37c538dfbd1e34ed1dd732735d37,1739822363,0xffbb9ae84fa7dd7ca74d156668fae30018520e2854786b5f01c5b42d01f8ec2d,79,182,0x243bde8dd82635ea121bf56368de399546f6dafd,0x171dd048d1e9fa8ed2e005b7c46ff8ac76e96047,3700000000000000000,21000,3144313000,0x,0x,,,14218818,1,21000,1993100,0,0x243bde8dd82635ea121bf56368de399546f6dafd
21868791,0xa37b439a5f654ed4d349e6b074ac5ae75b6515f8b61fad2e803c6795f143f10f,1739827799,0x63878436ef0908bc905f6292fde0021d41101145b6199085228f94d5893f084b,80,140,0x243bde8dd82635ea121bf56368de399546f6dafd,0x03f34be1bf910116595db1b11e9d1b2ca5d59659,77000000000000000,392317,1522815185,0xa32fe0a100000000000000000000000000000000000000000000000000000000000000200000000000000000000000000000000000000000000000000000000000000444645a55b6385f2da5f95ae066b1106fbfa3f617cba27e0926ff5d0a5c1edb59aa7810e6c8000000000000000000000000000000000000000000000000000000000000006000000000000000000000000000000000000000000000000000000000000003c0000000000000000000000000000000000000000000000000000000000000032464a3bc15000000000000000000000000000000000000000000000000000000000000006000000000000000000000000000000000000000000000000001118f178fb4800000000000000000000000000000000000000000000000000000000000000002a0000000000000000000000000feeda5a996a6e603b64d113460723a34439601690000000000000000000000008d90113a1e286a5ab3e496fbd1853f265e5913c6000000000000000000000000243bde8dd82635ea121bf56368de399546f6dafd0000000000000000000000008d90113a1e286a5ab3e496fbd1853f265e5913c6000000000000000000000000000000000000000000000000000000000caaa2be00000000000000000000000000000000000000000000000001118f178fb48000000000000000000000000000000000000000000000000000000000000000000000000000000000000000000000000000000000000000000000000000000000000000000000000000000000000000000000000000000000000000000067b3ab79dac6d47bdd125f027c9b3d5dc0b1aee1b44e040c23f4e4c5dda17c4e08f0001d000000000000000000000000000000000000000000000000000000000000018000000000000000000000000000000000000000000000000000000000000001e00000000000000000000000000000000000000000000000000000000000000024f47261b0000000000000000000000000dac17f958d2ee523a2206206994597c13d831ec7000000000000000000000000000000000000000000000000000000000000000000000000000000000000000000000000000000000000000000000024f47261b0000000000000000000000000c02aaa39b223fe8d0a0e5c4f27ead9083c756cc20000000000000000000000000000000000000000000000000000000000000000000000000000000000000000000000000000000000000000000000421bb619340e4247cb281c0d7fb3ddd597bf2b2d5b0aaa73402084f83cb07888d91f368b74aaeac8a19dee4be306bacd675bb65a339946a36038b1a9bb5cc3a0629f030000000000000000000000000000000000000000000000000000000000000000000000000000000000000000000000000000000000000000000000000000000000000000000000000000000000000000000000000000000000561cc9e48aea2cbcd58d2806bdd946d6adf247b731fe78e65fbcc721e1372c0a38a1528c4aee200accc6184c1cb195084de910e714d3f714528ea576b048474bc7c8243bde8dd82635ea121bf56368de399546f6dafd040000000000000000000000000000000000000000000000000000000000000000000000000000,0xa32fe0a1,toPMM(bytes _payload),,29641963,1,269173,1992648,0,0x243bde8dd82635ea121bf56368de399546f6dafd
21869140,0x10b685203c4af72756007e920b779bc6b45f3252e273d4a19a5e1e00d4c3a5e7,1739832023,0x2b0decae1acc43454df63a740e3bfeb64f55518489b753376665c26eeb105e50,81,65,0x243bde8dd82635ea121bf56368de399546f6dafd,0xdac17f958d2ee523a2206206994597c13d831ec7,0,51126,925016397,0xa9059cbb00000000000000000000000068192201b876a576c25367161498fb44a634a385000000000000000000000000000000000000000000000000000000000bebc200,0xa9059cbb,"transfer(address _to, uint256 _value)",,3851260,1,46097,1992299,0,0x243bde8dd82635ea121bf56368de399546f6dafd
21906735,0xe5fb5a0bc5cab210a86fa70496143335d57f2129099c924e6dea99ae3f6d012f,1740286055,0x34dbea4d12b8b56f1fb3d1ad55dd24fef38bd109599f44c7d5b7469800aa4cf7,82,58,0x243bde8dd82635ea121bf56368de399546f6dafd,0xac6634e11d2b1075f35761048ed06c103124aa74,535745436168899940,21000,941583840,0x,0x,,,6594998,1,21000,1954704,0,0x243bde8dd82635ea121bf56368de399546f6dafd
21925977,0x6655a8faf0c51a5505afc4dc90a81555c4c8e54f89871bd9b6a83098505db8d3,1740518267,0x7032a85c8a027e0afdc0fef4f71eeb422c7a37655d90efd9fbd080ab46b33319,11,240,0xad33638322e12612f3cd790fc0246053e358f0f7,0x243bde8dd82635ea121bf56368de399546f6dafd,2462292742392970400,21000,918665332,0x,0x,,,32767710,1,21000,1935462,0,0x243bde8dd82635ea121bf56368de399546f6dafd
21932126,0x613ef754a9371384a63885160add73a317878c3cde665cde823f69ec7468a2db,1740592427,0xdc1a3f5c4e4632d05664037f31926a5ac38397c112df6b0e9f85293c50f82b5a,83,213,0x243bde8dd82635ea121bf56368de399546f6dafd,0x171dd048d1e9fa8ed2e005b7c46ff8ac76e96047,2400000000000000000,21000,1095799488,0x,0x,,,13048351,1,21000,1929313,0,0x243bde8dd82635ea121bf56368de399546f6dafd
21933541,0x57f78e0f92be49679ede40d9172a9d1113f9c220adf67b187f5944e969b462b6,1740609467,0x5b17e9e667af5d8ccab5e4139a64016c5ad97ee50041a5008a89257b7d10f35a,12,136,0xad33638322e12612f3cd790fc0246053e358f0f7,0x243bde8dd82635ea121bf56368de399546f6dafd,1963481881133076000,21000,865915633,0x,0x,,,15257541,1,21000,1927898,0,0x243bde8dd82635ea121bf56368de399546f6dafd
21933549,0x1d39d39167e2e4b0df3d31c1986ca6a8de94b46e8fa47659f53adc4ab042289c,1740609563,0xabf8f303253f8c84fd76ff95257693f2e4cf77d2729ae0428274f206822b2a8e,2,205,0x60b1ff671676c78a728e622850e7520bb493c1b2,0x243bde8dd82635ea121bf56368de399546f6dafd,12454392499786012800,25200,1070539551,0x,0x,,,20062062,1,21000,1927890,0,0x243bde8dd82635ea121bf56368de399546f6dafd
21933558,0xf1ecf31e78a70c5b8c1f442258c3f0a5c320602ca346211eb4826fd112d80e1e,1740609671,0x3fee80590e6251e2a6a8025ec7eadf3bc748ff765a8e7a94bf051006f325f217,84,151,0x243bde8dd82635ea121bf56368de399546f6dafd,0x171dd048d1e9fa8ed2e005b7c46ff8ac76e96047,14000000000000000000,21000,786407237,0x,0x,,,19458648,1,21000,1927881,0,0x243bde8dd82635ea121bf56368de399546f6dafd
21933939,0x7025228d9cc99c217309d15d3a23d061d3ce56d350fb3468bd28383cc1c200ae,1740614279,0xc524f5859668aee10221586af399e5de57d32b0ab280e8bf8bfaf4095f639a75,85,87,0x243bde8dd82635ea121bf56368de399546f6dafd,0x68192201b876a576c25367161498fb44a634a385,480000000000000000,21000,791885939,0x,0x,,,11000107,1,21000,1927500,0,0x243bde8dd82635ea121bf56368de399546f6dafd
21938668,0x0faa427170700a54bdfd73f7321304ec3d33484862054222578fbc708b3f9f85,1740671303,0x3d1d7c6e8908915cd0008083496631b580703cd24d090ded0fd6c96193668f1f,0,89,0x7386b352522405c3d68c9fee390c1d878c6dc55a,0x243bde8dd82635ea121bf56368de399546f6dafd,1227107449403345800,21000,1068680578,0x,0x,,,8572719,1,21000,1922771,0,0x243bde8dd82635ea121bf56368de399546f6dafd
21938681,0xca14daf130ff0fb635ea86005f1cef5429f4281914598d0079e1e47eb22a9a0f,1740671459,0x2e430bc452834a9c294488efed775b09a8d4ad88c7e74879122cd812c5308b13,86,203,0x243bde8dd82635ea121bf56368de399546f6dafd,0x171dd048d1e9fa8ed2e005b7c46ff8ac76e96047,1200000000000000000,21000,946107461,0x,0x,,,22624348,1,21000,1922758,0,0x243bde8dd82635ea121bf56368de399546f6dafd
21939026,0x8376eb1313969750d05e4c4cade7457ce16cc21b13c34cfddd9ef1f9d42f0b69,1740675611,0xb09820620475b1f3cd830f084376d73f2d266f88d7e355a211fb7895d10eca34,33,403,0x4f5400ae2da2e9d328de6e09a15b960a90cb3c44,0x243bde8dd82635ea121bf56368de399546f6dafd,2176292772314073700,21000,1018673608,0x,0x,,,31724143,1,21000,1922413,0,0x243bde8dd82635ea121bf56368de399546f6dafd
21939139,0x91b472eb27efaeb93e5adfedfeae21dcc09efe3d12df1ca527597dc6107e4f58,1740676967,0xdb3999caa94aa70d755cc64aca27ffde44170776767c212997198fa697a852e4,87,86,0x243bde8dd82635ea121bf56368de399546f6dafd,0x7712346214a66db144e37d570b1e73da7d8b06ba,2200000000000000000,21000,1226207981,0x,0x,,,7595110,1,21000,1922300,0,0x243bde8dd82635ea121bf56368de399546f6dafd
21940365,0x9bd762683a913feec4e8c89ce5d9f968edf1e30ce62951b8f5a1ec0c23eee4d8,1740691715,0x35450436a6df5cb47d4f10071a77e4e337b1527d8f46ce4df65a28e5241cd8e5,34,155,0x4f5400ae2da2e9d328de6e09a15b960a90cb3c44,0x243bde8dd82635ea121bf56368de399546f6dafd,3985704606145956700,21000,1004653748,0x,0x,,,18889062,1,21000,1921074,0,0x243bde8dd82635ea121bf56368de399546f6dafd
21940382,0x763638caeef85fa32a1bd0d8517bb69dea40fe6eeafe94ae5524f62fe8b49752,1740691919,0xc13041caf0d57dd46fc6d4d0af8b9431cc9b3eacc388668e625f965577977445,88,20,0x243bde8dd82635ea121bf56368de399546f6dafd,0x171dd048d1e9fa8ed2e005b7c46ff8ac76e96047,3989149995995263400,21000,960981426,0x,0x,,,1680055,1,21000,1921057,0,0x243bde8dd82635ea121bf56368de399546f6dafd
21945554,0x1de9b20b9b2ab34468c5d49386739fb558c6e64b88f597b63a3c9fe0fe953adc,1740754283,0x03498548c6cbaee5a7b17e0c59311d47494e089648175a36f8f42972d89ac8b2,677,213,0x808abf236ae084a18fbfc17dfa3df7b3a1939fa6,0x243bde8dd82635ea121bf56368de399546f6dafd,4000000000000000,21000,2552389713,0x,0x,,,23268658,1,21000,1915885,0,0x243bde8dd82635ea121bf56368de399546f6dafd
21945606,0xe820a7d23443367119453d39d646334d4a21f7d8fc721e40fc30b19475917e29,1740754907,0xc52478943759df23f15cd5602db614c96e28dca352ad618e61ca9d73309830f2,89,144,0x243bde8dd82635ea121bf56368de399546f6dafd,0xdac17f958d2ee523a2206206994597c13d831ec7,0,51140,3092546543,0xa9059cbb000000000000000000000000171dd048d1e9fa8ed2e005b7c46ff8ac76e960470000000000000000000000000000000000000000000000000000000165a0bc00,0xa9059cbb,"transfer(address _to, uint256 _value)",,15807977,1,46109,1915833,0,0x243bde8dd82635ea121bf56368de399546f6dafd
21946368,0x52f490bed9119948fb41a964a4664bae884a1fc6be5e0295074bc02b669c9bf2,1740764075,0x9bf372a8d592dcce46b37d8bae283ab5540ee26bdaca0e9341f744fc4cd08bd0,35,99,0x4f5400ae2da2e9d328de6e09a15b960a90cb3c44,0x243bde8dd82635ea121bf56368de399546f6dafd,2194942225984980200,21000,1077642711,0x,0x,,,7740834,1,21000,1915071,0,0x243bde8dd82635ea121bf56368de399546f6dafd
21946382,0x0b6d04325075ce2c6c5b1d6d8586bbfe808f4db18bc9b0b94eaab8f244a8e1ff,1740764243,0x8dd8039b5a6551f4a29e242579aef8aa13a6bf58cd71980395895b5edbe9a981,90,225,0x243bde8dd82635ea121bf56368de399546f6dafd,0x68192201b876a576c25367161498fb44a634a385,2198775785071903013,21000,1135556406,0x,0x,,,19572335,1,21000,1915057,0,0x243bde8dd82635ea121bf56368de399546f6dafd
21946577,0x01608b996f02a542aa195db047c4e85e74b210b988fa7464012bf918997ccca0,1740766583,0x0aa003216381d8366a0b4cba3993a36d62be45878260c3988b23cc28d4990b95,36,84,0x4f5400ae2da2e9d328de6e09a15b960a90cb3c44,0x243bde8dd82635ea121bf56368de399546f6dafd,6729855037115828000,21000,1093620126,0x,0x,,,6375582,1,21000,1914862,0,0x243bde8dd82635ea121bf56368de399546f6dafd
21946584,0xd5fd85829eb373cee0b97592a431d356b2d39af2c3fae3af52ce323814a46564,1740766667,0xad94a432c31991b9f1623300509289cd02cb2e6db4d077d8193bda1441368d45,91,72,0x243bde8dd82635ea121bf56368de399546f6dafd,0x68192201b876a576c25367161498fb44a634a385,6729830967183704000,21000,1146187244,0x,0x,,,6609181,1,21000,1914855,0,0x243bde8dd82635ea121bf56368de399546f6dafd
21954925,0xc51908e398f010c0cfd383bb95018a9347d4851640a0e1957f9ed377f24bd2c8,1740867131,0x7407c2c6d5c2605aa3dd8d7bd56a43a97ecdd635f26920db20dfaa120718c8ec,37,144,0x4f5400ae2da2e9d328de6e09a15b960a90cb3c44,0x243bde8dd82635ea121bf56368de399546f6dafd,2195109385884550500,21000,989258396,0x,0x,,,18319032,1,21000,1906514,0,0x243bde8dd82635ea121bf56368de399546f6dafd
21954963,0x95136f1c55293a323f88640ca3a84d614358abf37306c59a1995300488490e36,1740867599,0x0d891aad54544b041343d8a56987959816ed208547f8d36cec8fb42a2b75cd21,92,109,0x243bde8dd82635ea121bf56368de399546f6dafd,0x171dd048d1e9fa8ed2e005b7c46ff8ac76e96047,2000000000000000000,21000,952631250,0x,0x,,,13319568,1,21000,1906476,0,0x243bde8dd82635ea121bf56368de399546f6dafd
21955036,0x13364b638bb225b7629473aa4809e3e5418b4ab81f4b4c9d762f0b0677e9f62d,1740868475,0x8a71492bb9801cae4ac19ec97c23d17f89c3e7b7554e36083e31ab4f2196712c,93,178,0x243bde8dd82635ea121bf56368de399546f6dafd,0x68192201b876a576c25367161498fb44a634a385,195070214237903500,21000,912685257,0x,0x,,,13024002,1,21000,1906403,0,0x243bde8dd82635ea121bf56368de399546f6dafd
21962168,0x7a3f0c1d93bb0a3a2e9956f213dfecaf3364cb453ccb3ff9efa4a219b04d9588,1740954359,0x87bed16472d676609e84dafa7e37c9f61a44202ff4ced05a10a675c80aa889cf,38,99,0x4f5400ae2da2e9d328de6e09a15b960a90cb3c44,0x243bde8dd82635ea121bf56368de399546f6dafd,2026616226440586500,21000,1335829165,0x,0x,,,10952609,1,21000,1899271,0,0x243bde8dd82635ea121bf56368de399546f6dafd
21962179,0x1e2ce69ee87ec0ae9e41e7829e582a671525937552c9ab5234841e2839929cb8,1740954491,0x30eb216b05ee7bbced2c0da2a5e0c912cc1ff53f417457b2517c5be38275dd0b,94,191,0x243bde8dd82635ea121bf56368de399546f6dafd,0x68192201b876a576c25367161498fb44a634a385,1000000000000000000,21000,1233950607,0x,0x,,,24218138,1,21000,1899260,0,0x243bde8dd82635ea121bf56368de399546f6dafd
21963314,0x7b2ca75896954da4543c7cb77d86c4490708c5df80f9d8b81dd5e7e5c694c3e2,1740968171,0xc34f0192260795f6c8255d7c793a79fc260f280617c348f077085325976d7127,95,245,0x243bde8dd82635ea121bf56368de399546f6dafd,0x68192201b876a576c25367161498fb44a634a385,1000000000000000000,21000,800850103,0x,0x,,,26197388,1,21000,1898125,0,0x243bde8dd82635ea121bf56368de399546f6dafd
21968607,0xf6aa83e9bf6a4d61ef97b40ba28318226eed63ac7ab36c843b7dce35fc848d01,1741032023,0x692db3da43f5eb4a197d81ad712e89e1b819096b6697556a35df1e01f19ec901,96,186,0x243bde8dd82635ea121bf56368de399546f6dafd,0xdac17f958d2ee523a2206206994597c13d831ec7,0,51126,8639474646,0xa9059cbb00000000000000000000000068192201b876a576c25367161498fb44a634a385000000000000000000000000000000000000000000000000000000002756cd00,0xa9059cbb,"transfer(address _to, uint256 _value)",,22163474,1,46097,1892832,0,0x243bde8dd82635ea121bf56368de399546f6dafd
21975960,0x4a5d461d6d5f41d9681898a10339da0616b80d97da812fb0ce183efaadb65d7c,1741120619,0x673b38ff2d60202f4b971048a4562c37225fafa40f7bcc568d85efb604d21ff9,13,169,0xad33638322e12612f3cd790fc0246053e358f0f7,0x243bde8dd82635ea121bf56368de399546f6dafd,1908301732097097000,21000,1099604335,0x,0x,,,17394399,1,21000,1885479,0,0x243bde8dd82635ea121bf56368de399546f6dafd
21975971,0x3aef4ee7ceae116922b66f41e41fe0fc5a5d2a6781a6d8b5828e89b6ad10c35a,1741120751,0x7441effeef80fe4069a6286de9f9b40d03edee8865ffc9195cb16e485eadbbbf,97,73,0x243bde8dd82635ea121bf56368de399546f6dafd,0x171dd048d1e9fa8ed2e005b7c46ff8ac76e96047,1934452931125664838,21000,1144892112,0x,0x,,,3686821,1,21000,1885468,0,0x243bde8dd82635ea121bf56368de399546f6dafd
21994079,0xee8895f4bb0752e3fbc70fe13b5749240f01234876ae104f2c5b8d7587d178dc,1741339367,0x2ac278362b688320122bc28bc605beff43b815abc299cfb597c792608a40c326,14,326,0xad33638322e12612f3cd790fc0246053e358f0f7,0x243bde8dd82635ea121bf56368de399546f6dafd,971918598178079800,21000,709132655,0x,0x,,,32998473,1,21000,1867360,0,0x243bde8dd82635ea121bf56368de399546f6dafd
21994130,0x5751850db2c60821d85964c4ff696ceb08137cdbe7eb5a0c256e359ac8b34ecb,1741339979,0x5bb11b4cc44bfad94590275b54070a5dcbd7bec9925a07cd9fb5a51b56352aa2,98,102,0x243bde8dd82635ea121bf56368de399546f6dafd,0x171dd048d1e9fa8ed2e005b7c46ff8ac76e96047,970000000000000000,21000,897690868,0x,0x,,,7999683,1,21000,1867309,0,0x243bde8dd82635ea121bf56368de399546f6dafd
22025435,0xfc4c62bd21e9d2c2b5783ae47111612dbda3fee77507472649b444f6fb77ac96,1741717931,0xaa574d88793e5939f4234a9a48e06fc9e5de2b3fbe59b164cd82eeb34d2e4e27,15,246,0xad33638322e12612f3cd790fc0246053e358f0f7,0x243bde8dd82635ea121bf56368de399546f6dafd,2202457903841995400,21000,2367301831,0x,0x,,,26304037,1,21000,1836004,0,0x243bde8dd82635ea121bf56368de399546f6dafd
22026753,0x15dc50b8028184470098dcc1dc99c858ea65b245d8c8f31ec94b68194ee322d4,1741733855,0xe5ec1dc8710fe52bb05fa91fe919777e0313f7304191e89e7944afa0b70473d4,99,128,0x243bde8dd82635ea121bf56368de399546f6dafd,0x171dd048d1e9fa8ed2e005b7c46ff8ac76e96047,2200000000000000000,21000,711292170,0x,0x,,,16173112,1,21000,1834686,0,0x243bde8dd82635ea121bf56368de399546f6dafd
22026774,0xf97269d3f332f6e87a4cce5cf7694d66a9573c306e8181d60ee9a29b558db237,1741734107,0xc33acd336e5290f52f19dc3ebbe460e915869b2727d3885e6c261f516379b600,80,87,0x171df347f568f0f97123fd76575c3e8693b46047,0x243bde8dd82635ea121bf56368de399546f6dafd,1000000000000,21000,680000000,0x,0x,,,6212635,1,21000,1834665,0,0x243bde8dd82635ea121bf56368de399546f6dafd
22040335,0xf888f63f186e2734b04c8591a066868066059b65a2863604e9941ff3cece76b3,1741897691,0xe7400a3359551344bf600792aabe64cd495c2c7820bc1f53c4200e78840e7118,16,107,0xad33638322e12612f3cd790fc0246053e358f0f7,0x243bde8dd82635ea121bf56368de399546f6dafd,12416653140872866000,21000,611837999,0x,0x,,,8236671,1,21000,1821104,0,0x243bde8dd82635ea121bf56368de399546f6dafd
22040353,0xe20af55f942fa99be864f919c88f06b4e28f6be5f727fcb344b24a273245a106,1741897907,0xbc721617faee139ac2f254bc582d1c6c38b595b76fddb63474d2e1aa6be95546,100,90,0x243bde8dd82635ea121bf56368de399546f6dafd,0xac6634e11d2b1075f35761048ed06c103124aa74,12420980193111391200,21000,793387512,0x,0x,,,8894630,1,21000,1821086,0,0x243bde8dd82635ea121bf56368de399546f6dafd
22219696,0x7898867e0d35ea5a9b4e76b47e1410e1eeeecb2aaef8c1fc1d7a656166f626ce,1744061207,0x63136a3d1fa32e4fb4bc066af928cd8ff87a36f4c1057b721675f12bd9775e19,733,173,0x808abf236ae084a18fbfc17dfa3df7b3a1939fa6,0x243bde8dd82635ea121bf56368de399546f6dafd,3000000000000000,21000,2384057602,0x,0x,,,11310509,1,21000,1641743,0,0x243bde8dd82635ea121bf56368de399546f6dafd
22219718,0x1670aea0faaf632e14db2bf5d6302e2356c29cc9c5b119b7a91f9416179ccab3,1744061471,0x31725a39048689a279994dddb459e7c36b8876839222b3bae0786c122b86e06c,101,105,0x243bde8dd82635ea121bf56368de399546f6dafd,0xdac17f958d2ee523a2206206994597c13d831ec7,0,53721,3669942548,0x095ea7b30000000000000000000000008a42d311d282bfcaa5133b2de0a8bcdbecea3073ffffffffffffffffffffffffffffffffffffffffffffffffffffffffffffffff,0x095ea7b3,"approve(address _spender, uint256 _value)",,8800115,1,48897,1641721,0,0x243bde8dd82635ea121bf56368de399546f6dafd
22219771,0xdf397fcc6f19d079a9ba7d387290c480b49b308df8a673e8416f4e3b968199ae,1744062107,0x33590abed3f30d55f60d8d660286ed051cf415c7790b3235b9c89a16cd9d3c95,102,98,0x243bde8dd82635ea121bf56368de399546f6dafd,0xfb03f0b5b8a9714f956af658925671d4eb3f32c2,7359669444810998,21000,2980170839,0x,0x,,,7996868,1,21000,1641668,0,0x243bde8dd82635ea121bf56368de399546f6dafd
22340374,0x3b184b96640ba5d32c1bcf7cf57dd52c2b5843bdf3f7058ef1b9afd9ea151674,1745515931,0x25d5e29db2523fbeab88ce54e8b1e8a572a6f7375315f7743bb829250a938956,749,174,0x808abf236ae084a18fbfc17dfa3df7b3a1939fa6,0x243bde8dd82635ea121bf56368de399546f6dafd,3000000000000000,21000,2601085348,0x,0x,,,13667862,1,21000,1521065,0,0x243bde8dd82635ea121bf56368de399546f6dafd
22340402,0x10c4499403d43b4edfffc696fa2619d1bf72a648c94a5b12b22ea5ae44cbafcc,1745516267,0x56af69d5c6bd6f7b40bc9b58a90c744ee385e0bfdc278b4cb20b238ee85ac671,103,140,0x243bde8dd82635ea121bf56368de399546f6dafd,0xdac17f958d2ee523a2206206994597c13d831ec7,0,51126,2547011019,0xa9059cbb000000000000000000000000171dd048d1e9fa8ed2e005b7c46ff8ac76e96047000000000000000000000000000000000000000000000000000000001dcd6500,0xa9059cbb,"transfer(address _to, uint256 _value)",,13355320,1,46097,1521037,0,0x243bde8dd82635ea121bf56368de399546f6dafd
22467170,0x2ba68e3b6b9530211c769f693cdca85b26a0fc94e98fbfefa9a1b59d666a3221,1747052519,0xb4814c696de1d42e6f80aaf06848cee0b0700515186cbc2905b0c6fe12b65d2a,104,35,0x243bde8dd82635ea121bf56368de399546f6dafd,0xac6634e11d2b1075f35761048ed06c103124aa74,2742250572410157,21000,6682850507,0x,0x,,,1978613,1,21000,1394269,0,0x243bde8dd82635ea121bf56368de399546f6dafd
