blockNumber,timeStamp,hash,nonce,blockHash,transactionIndex,from,to,value,gas,gasPrice,isError,txreceipt_status,input,contractAddress,cumulativeGasUsed,gasUsed,confirmations,methodId,functionName,dfpi_scam_address
21589260,1736453927,0x351a79df9de45c1228c45d5e4844d20a17912f19bc1906ff9517ae7d58ceeb9c,45,0xa704ebe784f73369ef731acc7e9b4ce9868e43daec49fd387152a56e2d830d9b,139,0x243bde8dd82635ea121bf56368de399546f6dafd,0xad33638322e12612f3cd790fc0246053e358f0f7,4158871120000000,21000,15436483311,0,1,0x,,18149125,21000,2272179,0x,,0xad33638322e12612f3cd790fc0246053e358f0f7
21589336,1736454839,0x5c88f0734098db29ece1528eb06eff411609b89409ac6f64efda9381d0441add,0,0x4c44724ae7d93a72fd58d92aa53947137dc64bb928c522a2e5d0436a13c1530f,74,0xad33638322e12612f3cd790fc0246053e358f0f7,0x47f3afca2583c9ddf0910ae4189ab45ac5ea535e,1617250000000000,21000,15498275209,0,1,0x,,4756893,21000,2272103,0x,,0xad33638322e12612f3cd790fc0246053e358f0f7
21589416,1736455811,0x969570249b8c4fba3d4ef25d91489a15cdc2ce3db8c80a672a3bfd399e8c1590,1,0x423f8929efbe010c81965b0a26627d5171d0320e4bdeada4292c927b822c1357,148,0xad33638322e12612f3cd790fc0246053e358f0f7,0x2a1d3778c594e1ea0320782bd56a97c386bdaf36,355514942766709640,21000,11339387332,0,1,0x,,14264216,21000,2272023,0x,,0xad33638322e12612f3cd790fc0246053e358f0f7
21616196,1736778947,0xed4344d9f7c3806c4cf13d9c29916119583a79efe85b91522adcff28ee353215,2,0xa0ad67ffe6f44c50fa041d4a21443b26571cc12435c2c76618f4006c9271e9b0,379,0xad33638322e12612f3cd790fc0246053e358f0f7,0x2a1d3778c594e1ea0320782bd56a97c386bdaf36,671083815834356700,21000,20407829446,0,1,0x,,27495561,21000,2245243,0x,,0xad33638322e12612f3cd790fc0246053e358f0f7
21618828,1736810663,0x0f471d80228d50df1dd244e6a07d45677eb352c500d6653abb2db86d6bc80565,3,0x72120c560a558d6d60913a2a66f02ae5269a1102dc15a2ce753db66d0a9d62b6,142,0xad33638322e12612f3cd790fc0246053e358f0f7,0x15622f91f8113d150b497025a83da601ac8519a1,680913244925871400,21000,3272568933,0,1,0x,,13682769,21000,2242611,0x,,0xad33638322e12612f3cd790fc0246053e358f0f7
21632124,1736971103,0xd98a22cabbead5543830673b5fb9c7b894310d5167ae70562f42c69988081971,4,0xc3585e891cd6e9ed2219b493c25a37e9a305821c442b1c72b6bb9a47d95c8313,168,0xad33638322e12612f3cd790fc0246053e358f0f7,0x15622f91f8113d150b497025a83da601ac8519a1,914250500961087000,21000,13787242746,0,1,0x,,13983447,21000,2229315,0x,,0xad33638322e12612f3cd790fc0246053e358f0f7
21673136,1737465803,0x70c7a9f4f6d9083a0969a23e11f561e06a567d81de1474597c3cb103f1758e0f,5,0xe32119343c919b5ebadb8fb5b5663c8113443a2a28012cf2306500cbbb8c05a7,88,0xad33638322e12612f3cd790fc0246053e358f0f7,0x1292eb6dffb4eab05311f2e8715b808d804b0c8c,611497636744200900,21000,11896908116,0,1,0x,,6869412,21000,2188303,0x,,0xad33638322e12612f3cd790fc0246053e358f0f7
21689342,1737661187,0x356f3a6822ddb02ad0eb5b7bc98fb6d6f38be3e67da63378821e5db06e46daaf,6,0x1d5d52a1252c443716883d15902e06d7e47ba1268bd09f56d243515bd6a1497f,159,0xad33638322e12612f3cd790fc0246053e358f0f7,0x54b9dd4e2552abb5366b24e763af05b3292befce,948636938600264300,21000,8114332652,0,1,0x,,13597276,21000,2172097,0x,,0xad33638322e12612f3cd790fc0246053e358f0f7
21717252,1737997691,0x166b5c94f01fe2f27511fad86040b7d5854ff04f2d30fdcbccba2d50a6fbb1ee,7,0xab41b8adcdaf6e5f1fec8b195dd19654741263f10acad656ff04b358b6fb80d1,211,0xad33638322e12612f3cd790fc0246053e358f0f7,0x536bf98f58cad97a9a7ea591fd4a617c4febfce1,995413471051933900,21000,13237530841,0,1,0x,,16774458,21000,2144187,0x,,0xad33638322e12612f3cd790fc0246053e358f0f7
21723135,1738068635,0x46569fc909f5fdb5f4af642f666ba60aa2ee43953df71f4ca217c9dde387a530,8,0x7f34678cd784cdeeadfd2536ea3087c0ccd846c3b0df6cc64b135cd5d030fe20,127,0xad33638322e12612f3cd790fc0246053e358f0f7,0x536bf98f58cad97a9a7ea591fd4a617c4febfce1,577444448230817300,21000,4404504970,0,1,0x,,10587030,21000,2138304,0x,,0xad33638322e12612f3cd790fc0246053e358f0f7
21737733,1738244711,0xabd2dc372a882e09e851a3b8b557a4c64619c2e2972ac3ea5046fee2bf1b1b74,9,0x88488b9c464c5e59bd451bbf2845fccc59be15cf3b17423da841d4094e015289,334,0xad33638322e12612f3cd790fc0246053e358f0f7,0x536bf98f58cad97a9a7ea591fd4a617c4febfce1,726343232395363200,21000,3384675945,0,1,0x,,28344178,21000,2123706,0x,,0xad33638322e12612f3cd790fc0246053e358f0f7
21868296,1739821847,0x6cf9a97aa00274e79107a166b07d0d6e3d2c8454bbdd52dd36583b3c86860371,10,0x3e4773b806f9fb40b230848216cef19c4e8ea51cce4d0979d25ad1eb9027b6e3,107,0xad33638322e12612f3cd790fc0246053e358f0f7,0x243bde8dd82635ea121bf56368de399546f6dafd,3763437731786981000,21000,2719389586,0,1,0x,,4775212,21000,1993143,0x,,0xad33638322e12612f3cd790fc0246053e358f0f7
21925977,1740518267,0x7032a85c8a027e0afdc0fef4f71eeb422c7a37655d90efd9fbd080ab46b33319,11,0x6655a8faf0c51a5505afc4dc90a81555c4c8e54f89871bd9b6a83098505db8d3,240,0xad33638322e12612f3cd790fc0246053e358f0f7,0x243bde8dd82635ea121bf56368de399546f6dafd,2462292742392970400,21000,918665332,0,1,0x,,32767710,21000,1935462,0x,,0xad33638322e12612f3cd790fc0246053e358f0f7
21932679,1740599099,0xd088d8d950faf64421e63205a3fa90063b048020bf8bb67b1f455d37b3ea5ac8,32,0x5ee982784dd27aaee251a4ccf8ffe80a54e73c5bdc6840f261711bb22e571ac3,172,0x4f5400ae2da2e9d328de6e09a15b960a90cb3c44,0xad33638322e12612f3cd790fc0246053e358f0f7,1963367917695617000,21000,3225905324,0,1,0x,,15825010,21000,1928760,0x,,0xad33638322e12612f3cd790fc0246053e358f0f7
21933541,1740609467,0x5b17e9e667af5d8ccab5e4139a64016c5ad97ee50041a5008a89257b7d10f35a,12,0x57f78e0f92be49679ede40d9172a9d1113f9c220adf67b187f5944e969b462b6,136,0xad33638322e12612f3cd790fc0246053e358f0f7,0x243bde8dd82635ea121bf56368de399546f6dafd,1963481881133076000,21000,865915633,0,1,0x,,15257541,21000,1927898,0x,,0xad33638322e12612f3cd790fc0246053e358f0f7
21975960,1741120619,0x673b38ff2d60202f4b971048a4562c37225fafa40f7bcc568d85efb604d21ff9,13,0x4a5d461d6d5f41d9681898a10339da0616b80d97da812fb0ce183efaadb65d7c,169,0xad33638322e12612f3cd790fc0246053e358f0f7,0x243bde8dd82635ea121bf56368de399546f6dafd,1908301732097097000,21000,1099604335,0,1,0x,,17394399,21000,1885479,0x,,0xad33638322e12612f3cd790fc0246053e358f0f7
21994079,1741339367,0x2ac278362b688320122bc28bc605beff43b815abc299cfb597c792608a40c326,14,0xee8895f4bb0752e3fbc70fe13b5749240f01234876ae104f2c5b8d7587d178dc,326,0xad33638322e12612f3cd790fc0246053e358f0f7,0x243bde8dd82635ea121bf56368de399546f6dafd,971918598178079800,21000,709132655,0,1,0x,,32998473,21000,1867360,0x,,0xad33638322e12612f3cd790fc0246053e358f0f7
22025435,1741717931,0xaa574d88793e5939f4234a9a48e06fc9e5de2b3fbe59b164cd82eeb34d2e4e27,15,0xfc4c62bd21e9d2c2b5783ae47111612dbda3fee77507472649b444f6fb77ac96,246,0xad33638322e12612f3cd790fc0246053e358f0f7,0x243bde8dd82635ea121bf56368de399546f6dafd,2202457903841995400,21000,2367301831,0,1,0x,,26304037,21000,1836004,0x,,0xad33638322e12612f3cd790fc0246053e358f0f7
22040335,1741897691,0xe7400a3359551344bf600792aabe64cd495c2c7820bc1f53c4200e78840e7118,16,0xf888f63f186e2734b04c8591a066868066059b65a2863604e9941ff3cece76b3,107,0xad33638322e12612f3cd790fc0246053e358f0f7,0x243bde8dd82635ea121bf56368de399546f6dafd,12416653140872866000,21000,611837999,0,1,0x,,8236671,21000,1821104,0x,,0xad33638322e12612f3cd790fc0246053e358f0f7
22133512,1743021371,0xd8cce2dda855d19db4469137439a61d3175397f5f52d16d8200d01fbbbeaf1c0,17,0xba47ed2b108943429f9ad6da18d3a5cbaf871acb15b4581d103480971c624e26,93,0xad33638322e12612f3cd790fc0246053e358f0f7,0xf4faa5710bffb0cf9e42159797cda6d8ef7d84c6,5341819626934254,21000,632077851,0,1,0x,,5637661,21000,1727927,0x,,0xad33638322e12612f3cd790fc0246053e358f0f7
22133516,1743021419,0x2e68ef2121a00db7292427dea30f0b5d998ee10cc20a06800bd5e2e92bc08550,0,0xbd9a1b7758026d11e8a0d64b7ccc29b8f718213d7452724e962b22a727b2c957,91,0xf4f192214f0eaebc8b4a3234fa42ed26508184c6,0xad33638322e12612f3cd790fc0246053e358f0f7,100000000,21000,910440057,0,1,0x,,6883420,21000,1727923,0x,,0xad33638322e12612f3cd790fc0246053e358f0f7
22133573,1743022103,0x4b723cfe43539c935bb8a31f9f138ed5ffe86f38472f5c171afff4642f3ec2a3,18,0xae41387909f5cf8011e19078bf949d659af71283be1280eac5ad6c5a2b3f181a,106,0xad33638322e12612f3cd790fc0246053e358f0f7,0xc3b21e6fdd57212d0bd09e964670f9e38a0962cc,5001949101043773000,21000,483683538,0,1,0x,,9534011,21000,1727866,0x,,0xad33638322e12612f3cd790fc0246053e358f0f7
22133705,1743023699,0x5f4b52b6f0644c849a6c5f80f403cba6462e764f3e4652637fa04814ac799b15,0,0x9d9c83d83296bb1c6828067291711f8fa509c8f10199dd96441d1912cd5509f6,108,0xc3b224611f66f09e0c367b2cf11d208fd5e062cc,0xad33638322e12612f3cd790fc0246053e358f0f7,1000000000000,21164,436286631,0,1,0x,,8007758,21000,1727734,0x,,0xad33638322e12612f3cd790fc0246053e358f0f7
22291245,1744923395,0x0f29a5ed17ca0fa3431df816dbc697c9e87352dc8f98fb48e44061c1d3eb4899,19,0x8f878782dd16a1f95abc293ad70914c4982045bf341d9e49b081fb97efeab91e,139,0xad33638322e12612f3cd790fc0246053e358f0f7,0xecc59707267e3ce8c9f04dbb4c804971da9376fe,3122752880113405000,21000,483250438,0,1,0x,,14509840,21000,1570194,0x,,0xad33638322e12612f3cd790fc0246053e358f0f7
22291318,1744924271,0xb6129f3e8df9576090d72707b51b1120cffd45b1a58adea0533883c2ea13b05e,0,0x6fcbf591b5f7324fbcf4f47062d4d168e30c70572b289d324e7e13c188b09fbe,138,0xecc55fa4f70b3e64a4d0bdf81dbf24b74a5f76fe,0xad33638322e12612f3cd790fc0246053e358f0f7,1000000000000,21000,361656986,0,1,0x,,10201874,21000,1570121,0x,,0xad33638322e12612f3cd790fc0246053e358f0f7
22340370,1745515883,0x4f9d42d2476e396858834807c3d8b87c3ee22b53866ee6c20f9ee263e4982f73,20,0xb2ea1a53f781ab856f0ae514cc6d5a3962e4f28bb67748d05ccba3111905412d,170,0xad33638322e12612f3cd790fc0246053e358f0f7,0xecc59707267e3ce8c9f04dbb4c804971da9376fe,8274666594542271000,21000,2847263803,0,1,0x,,15496752,21000,1521069,0x,,0xad33638322e12612f3cd790fc0246053e358f0f7
22340662,1745519399,0x8f1bdcea0e4f74ba865ee3d0bb57d2175762e2f71a8aad4ee41fc5d298829f1c,0,0x2fc0a63ffc92a12bb6d095b5dba6be8ab72c3ed0f181acfd7086822c05cbe1a1,169,0xecc58f73f6437c29c0d40bd178904b4f20fe76fe,0xad33638322e12612f3cd790fc0246053e358f0f7,1000000000000,21000,2316237595,0,1,0x,,22914317,21000,1520777,0x,,0xad33638322e12612f3cd790fc0246053e358f0f7
22353558,1745674691,0xb1f656fa758c2ece5044e5682fe491e7d59cf54945d31972002e387e12344b65,50,0xf2084088741b9c54f3c02d0540c514f114e339d99c9e71e1997b710e4bc3c393,92,0x25aedfd251de61c30ff6b9ed227f360b97579111,0xad33638322e12612f3cd790fc0246053e358f0f7,3000000000000000,24150,2746980061,0,1,0x,,13891851,21000,1507881,0x,,0xad33638322e12612f3cd790fc0246053e358f0f7
22353862,1745678351,0x4fb88a1ed5965f29e54573703e6a99edbc5f3ca2672c006707a0a7a68b3e2ad9,21,0xc3b5292f9caf24f00d9184f499ad0778209102f69d72a00cf2b065a4368a7811,275,0xad33638322e12612f3cd790fc0246053e358f0f7,0xf4faa5710bffb0cf9e42159797cda6d8ef7d84c6,1267497249495161,21000,1062307138,0,1,0x,,33087531,21000,1507577,0x,,0xad33638322e12612f3cd790fc0246053e358f0f7
22369467,1745866355,0x41a5b03d9743522549bdf19d078c8bc8b32a5a77a59266b2a0a73c46c1ff2028,22,0x56bd4b8f0595d5097250c041d056b0028b96b22d9c6927ac4a5e09e7f87fbb83,169,0xad33638322e12612f3cd790fc0246053e358f0f7,0xecc59707267e3ce8c9f04dbb4c804971da9376fe,5526711390962062000,21000,657378475,0,1,0x,,13907659,21000,1491972,0x,,0xad33638322e12612f3cd790fc0246053e358f0f7
22369494,1745866691,0x3e42d70a113681384da90ee0e966706485f51f1d3e07f2ec35251cee3f90f2aa,1,0x7b879ac6c80673e5374f83d9b94c3ecdbd09c7f09ac05692a880f849a8beae7b,151,0xecc55fa4f70b3e64a4d0bdf81dbf24b74a5f76fe,0xad33638322e12612f3cd790fc0246053e358f0f7,1000000000000,21000,578807528,0,1,0x,,13846857,21000,1491945,0x,,0xad33638322e12612f3cd790fc0246053e358f0f7
22430195,1746601523,0x8c91c0f32ef226d4ab423673e1f6d5aef74fcfaffff3c403e9ddcd2d9410e3d7,1,0x1f71542406103d850bd6463ea397d424f15ecb57c9541f451bb945bbf36d053a,171,0xecc5b47742853291d7c071fb5bf948f43fce76fe,0xad33638322e12612f3cd790fc0246053e358f0f7,1000000000000,21000,307175133,0,1,0x,,14027089,21000,1431244,0x,,0xad33638322e12612f3cd790fc0246053e358f0f7
22430234,1746601991,0x9f67ddf83db65cf0362709aef0206f1bb4a8a0b509ee4f5535ade7e0a7fc2eeb,2,0xc86ec6e83f1a2249c5eb50284008b3a7eb8b662f5952274e78e19dbf1d2faccc,208,0xecc55fa4f70b3e64a4d0bdf81dbf24b74a5f76fe,0xad33638322e12612f3cd790fc0246053e358f0f7,1000000000000,21000,384587227,0,1,0x,,18044684,21000,1431205,0x,,0xad33638322e12612f3cd790fc0246053e358f0f7
22430289,1746602651,0x603f132fd17cb56a2aa00cae56900109c42d4202cdd258a2d8e68fdf06953957,2,0x8057a094c87f5467e4db0f77d75557558c7cb971157985308a2c4ce0a042d43a,287,0xecc5b47742853291d7c071fb5bf948f43fce76fe,0xad33638322e12612f3cd790fc0246053e358f0f7,1000000000000,21000,283337147,0,1,0x,,26994624,21000,1431150,0x,,0xad33638322e12612f3cd790fc0246053e358f0f7
22430345,1746603323,0x496d3b061a4588c1cc7fe3f5ce9b68b32f69cf5328a7d935283f6c5dc3aa321c,3,0x424fef3aef1457930470ac7a1193a1f2b8fff6ada99070ff11001dbd0c13bbe3,128,0xecc55fa4f70b3e64a4d0bdf81dbf24b74a5f76fe,0xad33638322e12612f3cd790fc0246053e358f0f7,1000000000000,21000,361891277,0,1,0x,,7058490,21000,1431094,0x,,0xad33638322e12612f3cd790fc0246053e358f0f7
22430352,1746603407,0x02a03c06fa186e64e64f831a3eeda6a2dc47ba2a9c6af14ee33de39c86c8b883,3,0x059deb76017ecff0922bef6a6c914cae4ed6e9b9e8418e1287fda281754c64c9,124,0xecc5b47742853291d7c071fb5bf948f43fce76fe,0xad33638322e12612f3cd790fc0246053e358f0f7,1000000000000,21000,306253666,0,1,0x,,8955148,21000,1431087,0x,,0xad33638322e12612f3cd790fc0246053e358f0f7
22430434,1746604403,0x0669af2372210b4acc2a2fb41f4e369fba24e9a622f649b9236d3d750f670cbc,4,0xe5bd884db06e4821b202eab7afe5c7a8231b6e2355e7347d2b85fe677b339208,167,0xecc55fa4f70b3e64a4d0bdf81dbf24b74a5f76fe,0xad33638322e12612f3cd790fc0246053e358f0f7,1000000000000,21000,363773827,0,1,0x,,13004833,21000,1431005,0x,,0xad33638322e12612f3cd790fc0246053e358f0f7
22430449,1746604595,0x1011d97ff9a7a7dc213539191e39aab1339dd7fde601c249861b29cc13ebafb7,4,0xc2e12a6df0a91d6112a4a20369fab12bb97a044ac35a238cd3cf4bcf32cb8bed,166,0xecc5b47742853291d7c071fb5bf948f43fce76fe,0xad33638322e12612f3cd790fc0246053e358f0f7,1000000000000,21000,331460021,0,1,0x,,14015365,21000,1430990,0x,,0xad33638322e12612f3cd790fc0246053e358f0f7
22430647,1746607007,0xb804ebb6d2a71e7aba95bac4a6d822a1af20feefb6bde96e4f72d5c379a93697,5,0xe922e1e8b919dd1bc05d7e44974223fee9493e6e2f78c9a54edd00ef1a274779,174,0xecc55fa4f70b3e64a4d0bdf81dbf24b74a5f76fe,0xad33638322e12612f3cd790fc0246053e358f0f7,1000000000000,21000,479380044,0,1,0x,,14825093,21000,1430792,0x,,0xad33638322e12612f3cd790fc0246053e358f0f7
22430766,1746608435,0x36fd661e9951fea36b1aeef0bd106360275baad604f4959b58e86318cf367dc4,5,0xccb6d1c6e0658d19a0c976d7bab5f2b6bc2d51844bbead487ce9846c8d42bb2f,140,0xecc5b47742853291d7c071fb5bf948f43fce76fe,0xad33638322e12612f3cd790fc0246053e358f0f7,1000000000000,21000,415342489,0,1,0x,,14073214,21000,1430673,0x,,0xad33638322e12612f3cd790fc0246053e358f0f7
22430898,1746610031,0xf1f848cbf5a062f8fb814f0030d9327f3209dc364c89513333cde5effe04d02c,6,0x9d6d2b44201b5bc20e242d6b24163655f9249978fd5b388b065841be0631936d,146,0xecc55fa4f70b3e64a4d0bdf81dbf24b74a5f76fe,0xad33638322e12612f3cd790fc0246053e358f0f7,1000000000000,21000,452537563,0,1,0x,,14638939,21000,1430541,0x,,0xad33638322e12612f3cd790fc0246053e358f0f7
22597092,1748626703,0x953adae2b7dc8b914bf4c5119ac05bd78d7f48c2ca82c13b6cbec55441862100,23,0xf891be131bf5a3e1d60bd3a78c9bafa1c2db0057258aa373c119147e4492a69e,129,0xad33638322e12612f3cd790fc0246053e358f0f7,0x3e5c24518c733d02f8a2f4bf81be77aef6c12dad,3822351621987088300,21000,4788054647,0,1,0x,,18247712,21000,1264347,0x,,0xad33638322e12612f3cd790fc0246053e358f0f7
22599174,1748651831,0x3ab46432c288ad7fbb5ffaae5a87b6c4426aa99989ce7a274827b7e62f1b68b1,0,0x2f28c85aac31c0e57ba5f713b51b0da9d61ea2514d524521aeb8838b66b76299,88,0x3e5c79ec0d5bdc9975677ba5083464750f322dad,0xad33638322e12612f3cd790fc0246053e358f0f7,100000000,21000,1750135930,0,1,0x,,4590267,21000,1262265,0x,,0xad33638322e12612f3cd790fc0246053e358f0f7
22599218,1748652359,0xf7953e7395e5c22742979ad2c5ceac85dc0b4a0ffccbf75daf6bdc163b42263b,0,0x8c2f00ca2f755fe3c6308fb4c44a171b98a8fdabf8a5645b05ee65b5980be2c0,99,0x3e5c0345e42855d44efa41273d5fb81bfc6d2dad,0xad33638322e12612f3cd790fc0246053e358f0f7,10000000000,21000,1451048289,0,1,0x,,13984297,21000,1262221,0x,,0xad33638322e12612f3cd790fc0246053e358f0f7
22600020,1748662007,0x926bc145323073b361880872e94d1028319e926f11b20ce76d86717c6f3ee2fd,1,0xdd49ed15da65b00086515cc6c029e1403ab9d1923cc0f969737c985970554ee4,180,0x3e5c79ec0d5bdc9975677ba5083464750f322dad,0xad33638322e12612f3cd790fc0246053e358f0f7,100000000,21000,1206714819,0,1,0x,,8975997,21000,1261419,0x,,0xad33638322e12612f3cd790fc0246053e358f0f7
22600138,1748663423,0x10520801f7c291c2e6ff5a5d7c263b6b3edf4c12f27f78d18edc1a1f355d6523,1,0x22848f459581647ec45d96147cc5680bc15ff1007c4906a6defbdcf1f245aaf9,233,0x3e5c0345e42855d44efa41273d5fb81bfc6d2dad,0xad33638322e12612f3cd790fc0246053e358f0f7,10000000000,21000,1081500725,0,1,0x,,23570682,21000,1261301,0x,,0xad33638322e12612f3cd790fc0246053e358f0f7
22600488,1748667671,0xe72d981a46920948f41ea3fdf62323ebbec50b8f5b94edc665ed135d2c1f445c,2,0x838aa52782e1b3db03b670bfe794ff5b5511c74c3329f8289a2ea478a4a4dc0d,173,0x3e5c79ec0d5bdc9975677ba5083464750f322dad,0xad33638322e12612f3cd790fc0246053e358f0f7,100000000,21000,1002591665,0,1,0x,,14842619,21000,1260951,0x,,0xad33638322e12612f3cd790fc0246053e358f0f7
22600511,1748667947,0xba9aa4f5cb4a7fb5e79bee6cac64f242346c44c08761f1fb15f7803b8660f99d,2,0xaa264209e8c7f0a31911c3ff1077a0bfe12a1e14f8b70707a2ddd3ac8c013c8c,239,0x3e5c0345e42855d44efa41273d5fb81bfc6d2dad,0xad33638322e12612f3cd790fc0246053e358f0f7,10000000000,21000,929998046,0,1,0x,,16948397,21000,1260928,0x,,0xad33638322e12612f3cd790fc0246053e358f0f7
22600851,1748672063,0xce6c132cc31beb2790e168157dad1833527f2411692d377ff3b2839333348ac0,3,0xb7254ce56c00205353a3710cc98d97e5962a87677f425458beebeca5b36a3289,50,0x3e5c79ec0d5bdc9975677ba5083464750f322dad,0xad33638322e12612f3cd790fc0246053e358f0f7,100000000,21000,954307192,0,1,0x,,3187426,21000,1260588,0x,,0xad33638322e12612f3cd790fc0246053e358f0f7
22600923,1748672927,0x6638368352075c60f5fecf23c76663d74f587561e110cc557100126542cda775,3,0x8bed4216f0ec124b59422e039aee3042bd46d32d97c147157ec97bfc61acbd91,338,0x3e5c0345e42855d44efa41273d5fb81bfc6d2dad,0xad33638322e12612f3cd790fc0246053e358f0f7,10000000000,21000,1069442013,0,1,0x,,26780674,21000,1260516,0x,,0xad33638322e12612f3cd790fc0246053e358f0f7
22602946,1748697347,0x1056ac7dbb9a6f6900f89d35d0838239ec58925e59b4986fe335f128b5b997ed,4,0xc356d3e16b16612779d3a1d19b9419b7310469dbe1caa0b4d9705b9430be7f02,296,0x3e5c79ec0d5bdc9975677ba5083464750f322dad,0xad33638322e12612f3cd790fc0246053e358f0f7,100000000,21000,2109645535,0,1,0x,,13591144,21000,1258493,0x,,0xad33638322e12612f3cd790fc0246053e358f0f7
22602983,1748697791,0x4f569e787d84579b7c07630095713fd5ffaa914fcbab2857bddf65449edda380,4,0xfb43d03323a0443f65a335b2c8fa7a273ef90c8cc46a0b2a7d6f05d8bf1126a2,190,0x3e5c0345e42855d44efa41273d5fb81bfc6d2dad,0xad33638322e12612f3cd790fc0246053e358f0f7,10000000000,21000,1942509119,0,1,0x,,16750173,21000,1258456,0x,,0xad33638322e12612f3cd790fc0246053e358f0f7
22603671,1748706155,0xc62f3a76b82f22e4233c606212ae21aefb9cf9f47172e743928cfa39fae9d7f7,5,0xb8dbd46882b1e06128d85db9508bec505967c4152b54e6c69904c6bbac03bd88,348,0x3e5c79ec0d5bdc9975677ba5083464750f322dad,0xad33638322e12612f3cd790fc0246053e358f0f7,100000000,21000,1922817590,0,1,0x,,15053500,21000,1257768,0x,,0xad33638322e12612f3cd790fc0246053e358f0f7
22604399,1748714987,0x48a11f37110258b9306c847e02cae691b1062405c47663ba63829c219c4d83e7,5,0xfeb23917515274d8a0c547806a6eb7b6bb718c89f318d613386d11c0f2b084ca,354,0x3e5c0345e42855d44efa41273d5fb81bfc6d2dad,0xad33638322e12612f3cd790fc0246053e358f0f7,10000000000,21000,1768583228,0,1,0x,,21730234,21000,1257040,0x,,0xad33638322e12612f3cd790fc0246053e358f0f7
22604560,1748716931,0x0027a2217006ce831cace03b0be6c9eeada7e57087a516fa12ef059a826efb8e,6,0x6ece5387140795895c263b68c06c2f4adbc58b5afe420fd190ba45ad71aa3fb2,340,0x3e5c79ec0d5bdc9975677ba5083464750f322dad,0xad33638322e12612f3cd790fc0246053e358f0f7,100000000,21000,1835208489,0,1,0x,,14855597,21000,1256879,0x,,0xad33638322e12612f3cd790fc0246053e358f0f7
22604608,1748717507,0xfafc74d07e051bfe82dd6a233613ab76c0dda4dc9638b7e01e4e3e20c1e18a3c,6,0x4f2c90b3ec035b27419d068440e07e4a877af3a4bff74e989097f37e56c7c20d,113,0x3e5c0345e42855d44efa41273d5fb81bfc6d2dad,0xad33638322e12612f3cd790fc0246053e358f0f7,10000000000,21000,1874198790,0,1,0x,,9726068,21000,1256831,0x,,0xad33638322e12612f3cd790fc0246053e358f0f7
22604721,1748718875,0x45395fd445cdbdebc69dd0dff7496d093d045c27d508d1a3a2968afc5626433d,7,0x17b00c60d1a07c0fa6b100400a632db1dc0f535f928d246e869cfe14c9edd0ba,329,0x3e5c79ec0d5bdc9975677ba5083464750f322dad,0xad33638322e12612f3cd790fc0246053e358f0f7,100000000,21000,1834789047,0,1,0x,,20098278,21000,1256718,0x,,0xad33638322e12612f3cd790fc0246053e358f0f7
22604787,1748719679,0x72d6c758543c1157a263899820a7bdfec43b9411e5b377da89571144c704ebf9,7,0x9e3faad67a0e8e517c619359d1a1fadbfab27134bba2c47582a1160dcd59e410,219,0x3e5c0345e42855d44efa41273d5fb81bfc6d2dad,0xad33638322e12612f3cd790fc0246053e358f0f7,10000000000,21000,1554641979,0,1,0x,,21601666,21000,1256652,0x,,0xad33638322e12612f3cd790fc0246053e358f0f7
22604955,1748721695,0xe47998eaf4e4cd9de0c30c5d69f1bf621063ac89ddd8da4e7c682ee17427aea3,8,0x9ac5297ac38a02d1a7aa7788cbdfc520bfdaa7322a28c1a330796c67ffb1921b,265,0x3e5c79ec0d5bdc9975677ba5083464750f322dad,0xad33638322e12612f3cd790fc0246053e358f0f7,100000000,21000,1784596827,0,1,0x,,15338764,21000,1256484,0x,,0xad33638322e12612f3cd790fc0246053e358f0f7
22606322,1748738183,0x7e9bd899a5a4cbb3428b396419e46dd61da9bef2cc3b8404486a3305d7329678,8,0xd8583e6ac2f7c77bce1ccaa52ba49427c4f87a595ab75113262cf9b26b060f18,181,0x3e5c0345e42855d44efa41273d5fb81bfc6d2dad,0xad33638322e12612f3cd790fc0246053e358f0f7,10000000000,21000,1253075183,0,1,0x,,16119723,21000,1255117,0x,,0xad33638322e12612f3cd790fc0246053e358f0f7
22618052,1748880191,0x9fafe210efe82d5e620d269e4b6c6fc770fed07684d7ef6be221b771498957f9,24,0xcafd9b42b6b924a983949e16b2b800e94f341e11e35b0a1a8859ff911d771e4a,170,0xad33638322e12612f3cd790fc0246053e358f0f7,0x3e5c24518c733d02f8a2f4bf81be77aef6c12dad,1117605777337749200,21000,5246365553,0,1,0x,,15293595,21000,1243387,0x,,0xad33638322e12612f3cd790fc0246053e358f0f7
22620058,1748904479,0xcfaa08e72a5e501ef6281f27c13bc02261bab144dbdb5bd0b24b7a3244002bb7,9,0xcf3296510166595a9488d9921afcfe6bfee4c0c5d23df911076b6250b5c1989a,106,0x3e5c0345e42855d44efa41273d5fb81bfc6d2dad,0xad33638322e12612f3cd790fc0246053e358f0f7,100000000,21050,1952343382,0,1,0x,,9973684,21000,1241381,0x,,0xad33638322e12612f3cd790fc0246053e358f0f7
22620195,1748906159,0xf0d4b1415211923b1f299b1fce16ca8fe58d8edfa9c595728e31d57c4d4b8939,9,0x7e2baeee7ce0df1f66cdf70d7ff59ba20e1edf36dc0b0199ea1f06f0f838b2b8,232,0x3e5c79ec0d5bdc9975677ba5083464750f322dad,0xad33638322e12612f3cd790fc0246053e358f0f7,0,21000,1977675085,0,1,0x,,21445994,21000,1241244,0x,,0xad33638322e12612f3cd790fc0246053e358f0f7
22647769,1749239747,0xe964c908f195f7b1701cb5b7aebbdcf120718001cd1360e9f7b871c0671e833b,25,0xc9b59e587aa3076b2599aebe0eea2ab5dfde060be2344b945485613fe55ddd35,302,0xad33638322e12612f3cd790fc0246053e358f0f7,0x3e5c24518c733d02f8a2f4bf81be77aef6c12dad,1234035740593181000,21000,1718598021,0,1,0x,,26981843,21000,1213670,0x,,0xad33638322e12612f3cd790fc0246053e358f0f7
22649404,1749259439,0x340a6dfa01df6b289942367abc1b1b128c4c22fc1cf18ac98a9f8767769f44fc,10,0x919df11d977388f32c9b3ed60241a211fbc0ba138c09cacdaf40aa4d0a54a27d,187,0x3e5c0345e42855d44efa41273d5fb81bfc6d2dad,0xad33638322e12612f3cd790fc0246053e358f0f7,100000000,21000,854731941,0,1,0x,,17193213,21000,1212035,0x,,0xad33638322e12612f3cd790fc0246053e358f0f7
22649896,1749265379,0xb5ab8e6756980afd8a240c863d241ce13f8c116ee8595c147daeae79a0bfb12d,10,0x427064f54236e02b6e40918538c4405324d3aea32efbdec4b98292a547e8b019,154,0x3e5c79ec0d5bdc9975677ba5083464750f322dad,0xad33638322e12612f3cd790fc0246053e358f0f7,1000000000000,21000,1231900225,0,1,0x,,12044913,21000,1211543,0x,,0xad33638322e12612f3cd790fc0246053e358f0f7
22650786,1749276107,0xae80a611ff3de28d93de9161577de832ca0f9375bdc090c9668ebc47cc6759af,11,0x5b7695674981fb15389eb67556b910125fa704705369c58650817f3664effca9,95,0x3e5c0345e42855d44efa41273d5fb81bfc6d2dad,0xad33638322e12612f3cd790fc0246053e358f0f7,100000000,21000,884756203,0,1,0x,,8290619,21000,1210653,0x,,0xad33638322e12612f3cd790fc0246053e358f0f7
22818415,1751300735,0x2a3b3b36cd9d7b1044fd738e427f87b257baf0cb836cdf7170b6e1ed1d7b33e4,26,0x5407895fe8068bc17eb2fa846360657e1be4fa826d7b0653e13d2864eaf4003a,297,0xad33638322e12612f3cd790fc0246053e358f0f7,0xf1d7f0cba37f851f5cdf640ad27862586c649374,429610492232427250,21000,4463827592,0,1,0x,,23154657,21000,1043024,0x,,0xad33638322e12612f3cd790fc0246053e358f0f7
22819179,1751309963,0x91662bf178d0ba6eaf6d20b9abd4c5b6d5791ad87f21ee10936c9990fe80b319,0,0x83f7c0ac7a95903748c3fce26bf880cb93f446d30106771ae2df3903b3fc5c20,375,0xf1d75782a56621347aa3d44aae2b965a27159374,0xad33638322e12612f3cd790fc0246053e358f0f7,100000000,21000,1811811153,0,1,0x,,27015525,21000,1042260,0x,,0xad33638322e12612f3cd790fc0246053e358f0f7
22862364,1751831495,0x6645bf06fbe2358628e6deceda2bc62d27cee8a78cfa4476285366c60d5f1556,0,0xff3396124ccc80c481062fc92de33238cdf69a792400d6087c29a199dc9ad4aa,161,0xf1d7f0cba37f851f5cdf640ad27862586c649374,0xad33638322e12612f3cd790fc0246053e358f0f7,429555297848673470,21000,354563656,0,1,0x,,11784158,21000,999075,0x,,0xad33638322e12612f3cd790fc0246053e358f0f7
22872740,1751956883,0x386cff99dfb0037d6d291374a13c19a654ceaec3604f212c2db1bc64d4a0effd,27,0xcda55404c4502ce5e79138b1475a22dffbcd144c1a33bdc03e6c3a11d4edcd8a,85,0xad33638322e12612f3cd790fc0246053e358f0f7,0xf1d7f0cba37f851f5cdf640ad27862586c649374,3434077332293994400,21000,621688631,0,1,0x,,8022150,21000,988699,0x,,0xad33638322e12612f3cd790fc0246053e358f0f7
22872765,1751957183,0xf1ba78a334e70681f9bf4831581abc6a96cdd2cb5010c5d61e804c795af16f46,1,0x90fbd8be6ef86299b648f06fb1fa58687975e20780759b158692161411b1d717,128,0xf1d75782a56621347aa3d44aae2b965a27159374,0xad33638322e12612f3cd790fc0246053e358f0f7,100000000,21000,561253618,0,1,0x,,17414315,21000,988674,0x,,0xad33638322e12612f3cd790fc0246053e358f0f7
22872937,1751959247,0x5ff7e607671fb13e8371da305c584df9cbcc7da5c038c9e64fc94c5e0b19398f,1,0x14f71d4252a88c3684b96e3ed72be22114693a6630b62e152031c32564a560de,105,0xf1d7f0cba37f851f5cdf640ad27862586c649374,0xad33638322e12612f3cd790fc0246053e358f0f7,3425442904719229600,21000,590917773,0,1,0x,,9567078,21000,988502,0x,,0xad33638322e12612f3cd790fc0246053e358f0f7
22875616,1751991515,0x5f9f2f5ac4a78551731126bcb01ccecb25ccdda1be3c764eee60f749699cf62b,28,0x07e091c65cc525619b9786db881a3b6af94dab409e9f62a3edfd5163a3167fda,114,0xad33638322e12612f3cd790fc0246053e358f0f7,0xf1d7f0cba37f851f5cdf640ad27862586c649374,3425161930668435800,21000,2990630085,0,1,0x,,12002167,21000,985823,0x,,0xad33638322e12612f3cd790fc0246053e358f0f7
22876915,1752007199,0xd9201f14a48b6f5b75c56db07cce502a7f06ad3262aeebf2442309cd0f44d31e,2,0x68317c4988193b153adc674e47772c218794bd6167c2ecf18297ffc97fe7f505,199,0xf1d75782a56621347aa3d44aae2b965a27159374,0xad33638322e12612f3cd790fc0246053e358f0f7,100000000,21000,1060737056,0,1,0x,,21205547,21000,984524,0x,,0xad33638322e12612f3cd790fc0246053e358f0f7
